"<!-- Include menu page --> 				 				 						 <!-- logo, commented out for menu's sake. is this a nested table???.. ;) 	 --> <!-- same info as Database Monitor - comment it out 	 	 		 			 species 		 - venomous 		 - non venomous 		 - unknown 	 	 						 --> 	 	snakeDB 	Search 	LD50 	Taxonomy 	Systematik 	DBmonitor 	Imprint 	 <!-- google_ad_client = ""ca-pub-7838177538080172""; /* 160x600 snakeDB */ google_ad_slot = ""1583047148""; google_ad_width = 160; google_ad_height = 600; //--> <!-- -->","<!-- logo, commented out for menu's sake. is this a nested table???.. ;) 	 --> <!-- same info as Database Monitor - comment it out 	 	 		 			 species 		 - venomous 		 - non venomous 		 - unknown 	 	 						 --> 	 	snakeDB 	Search 	LD50 	Taxonomy 	Systematik 	DBmonitor 	Imprint 	 <!-- google_ad_client = ""ca-pub-7838177538080172""; /* 160x600 snakeDB */ google_ad_slot = ""1583047148""; google_ad_width = 160; google_ad_height = 600; //--> <!-- -->","<!-- logo, commented out for menu's sake. is this a nested table???.. ;) 	 --> <!-- same info as Database Monitor - comment it out 	 	 		 			 species 		 - venomous 		 - non venomous 		 - unknown 	 	 						 --> 	 	snakeDB 	Search 	LD50 	Taxonomy 	Systematik 	DBmonitor 	Imprint",snakeDB,Search,LD50,Taxonomy,Systematik,DBmonitor,Imprint,"<!-- google_ad_client = ""ca-pub-7838177538080172""; /* 160x600 snakeDB */ google_ad_slot = ""1583047148""; google_ad_width = 160; google_ad_height = 600; //--> <!-- -->"
"<!-- logo, commented out for menu's sake. is this a nested table???.. ;) 	 --> <!-- same info as Database Monitor - comment it out 	 	 		 			 species 		 - venomous 		 - non venomous 		 - unknown 	 	 						 --> 	 	snakeDB 	Search 	LD50 	Taxonomy 	Systematik 	DBmonitor 	Imprint 	 <!-- google_ad_client = ""ca-pub-7838177538080172""; /* 160x600 snakeDB */ google_ad_slot = ""1583047148""; google_ad_width = 160; google_ad_height = 600; //--> <!-- -->","<!-- logo, commented out for menu's sake. is this a nested table???.. ;) 	 --> <!-- same info as Database Monitor - comment it out 	 	 		 			 species 		 - venomous 		 - non venomous 		 - unknown 	 	 						 --> 	 	snakeDB 	Search 	LD50 	Taxonomy 	Systematik 	DBmonitor 	Imprint",snakeDB,Search,LD50,Taxonomy,Systematik,DBmonitor,Imprint,"<!-- google_ad_client = ""ca-pub-7838177538080172""; /* 160x600 snakeDB */ google_ad_slot = ""1583047148""; google_ad_width = 160; google_ad_height = 600; //--> <!-- -->",
"<!-- logo, commented out for menu's sake. is this a nested table???.. ;) 	 --> <!-- same info as Database Monitor - comment it out 	 	 		 			 species 		 - venomous 		 - non venomous 		 - unknown 	 	 						 --> 	 	snakeDB 	Search 	LD50 	Taxonomy 	Systematik 	DBmonitor 	Imprint",snakeDB,Search,LD50,Taxonomy,Systematik,DBmonitor,Imprint,,,
snakeDB,Search,LD50,Taxonomy,Systematik,DBmonitor,Imprint,,,,
"<!-- google_ad_client = ""ca-pub-7838177538080172""; /* 160x600 snakeDB */ google_ad_slot = ""1583047148""; google_ad_width = 160; google_ad_height = 600; //--> <!-- -->",,,,,,,,,,
,No.,,"Scientific Name
Common Name",Toxicity,Length,Weight,Fangs,"Venom yield
(dry)",LD50 IV ‚ñæ,50% kill
No.,,"Scientific Name
Common Name",Toxicity,Length,Weight,Fangs,"Venom yield
(dry)",LD50 IV ‚ñæ,50% kill,LD50 SC
1.,744,"Naja nigricollis 							
Black necked spitting cobra",‚ò†‚ò†‚ò†‚ò†,280.0 cm							ref,256.7 gr							ref,5.80 														 mm							ref,200 mg								ref,0.03 mg/kg														ref,"333,333 üê≠",2 mg/kg														ref
2.,260,"Crotalus scutulatus 							
Mohave rattlesnake",‚ò†‚ò†‚ò†‚ò†,130.0 cm							ref,,8.80 														 mm							ref,150 mg								ref,0.03 mg/kg														ref,"250,000 üê≠",0.31 mg/kg														ref
3.,426,"Daboia russelii 							
Russell's viper",‚ò†‚ò†‚ò†‚ò†,180.0 cm							ref,675.0 gr							ref,13 														 mm							ref,240 mg								ref,0.035 mg/kg														ref,"342,857 üê≠",8.25 mg/kg														ref
4.,756,"Notechis scutatus 							
Mainland tiger snake",‚ò†‚ò†‚ò†‚ò†,290.0 cm							ref,1700.0 gr							ref,5.50 														 mm							ref,636 mg								ref,0.04 mg/kg														ref,"795,000 üê≠",0.099 mg/kg														ref
5.,519,"Bungarus caeruleus 							
Indian krait",‚ò†‚ò†‚ò†‚ò†,180.0 cm							ref,,3 														 mm							ref,30 mg								ref,0.04 mg/kg														ref,"37,500 üê≠",0.45 mg/kg														ref
6.,520,"Bungarus candidus 							
Blue krait",‚ò†‚ò†‚ò†‚ò†,155.0 cm							ref,615.0 gr							ref,,67.7 mg								ref,0.04 mg/kg														ref,"84,625 üê≠",
7.,254,"Crotalus oreganus 							
Northern Pacific rattlesnake",‚ò†‚ò†‚ò†‚ò†,162.0 cm							ref,502.6 gr							ref,,,0.045 mg/kg														ref,,3.56 mg/kg														ref
8.,245,"Crotalus durissus 							
South American rattlesnake",‚ò†‚ò†‚ò†‚ò†,200.0 cm							ref,2440.5 gr							ref,,100 mg								ref,0.047 mg/kg														ref,"106,383 üê≠",0.0478 mg/kg														ref
9.,265,"Crotalus tigris 							
Tiger rattlesnake",‚ò†‚ò†‚ò†,88.5 cm							ref,454.0 gr							ref,,11 mg								ref,0.056 mg/kg														ref,"9,821 üê≠",0.21 mg/kg														ref
10.,1373,"Atractaspis bibronii 							
Bibron's burrowing asp",‚ò†‚ò†‚ò†,70.0 cm							ref,34.3 gr							ref,,1.4 mg								ref,0.06 mg/kg														ref,"1,167 üê≠",
11.,1385,"Atractaspis microlepidota 							
Small scaled burrowing asp",‚ò†‚ò†‚ò†,110.0 cm							ref,93.5 gr							ref,,10 mg								ref,0.06 mg/kg														ref,"8,333 üê≠",
12.,1379,"Atractaspis engaddensis 							
Palestinian Mole Viper",‚ò†‚ò†‚ò†,100.0 cm							ref,57.5 gr							ref,4 														 mm							ref,9.6 mg								ref,0.06 mg/kg														ref,"8,000 üê≠",
13.,1816,"Dispholidus typus 							
Boomslang",‚ò†‚ò†‚ò†‚ò†,200.0 cm							ref,510.0 gr							ref,5.20 														 mm							ref,8 mg								ref,0.067 mg/kg														ref,"5,970 üê≠",12.5 mg/kg														ref
14.,526,"Bungarus multicinctus 							
Many banded krait",‚ò†‚ò†‚ò†‚ò†,180.0 cm							ref,295.1 gr							ref,,18.4 mg								ref,0.071 mg/kg														ref,"12,958 üê≠",0.16 mg/kg														ref
15.,753,"Naja siamensis 							
Indochinese spitting cobra",‚ò†‚ò†‚ò†‚ò†,160.0 cm							ref,,4.70 														 mm							ref,738 mg								ref,0.075 mg/kg														ref,"492,000 üê≠",
16.,1646,"Boiga irregularis 							
Brown tree snake",‚ò†‚ò†‚ò†,310.0 cm							ref,1510.0 gr							ref,,25 mg								ref,0.08 mg/kg														ref,"15,625 üê≠",
17.,765,"Hydrophis platurus 							
Yellowbelly sea snake",‚ò†‚ò†‚ò†‚ò†,133.0 cm							ref,,1.50 														 mm							ref,4.4 mg								ref,0.09 mg/kg														ref,"2,444 üê≠",0.055 mg/kg														ref
18.,739,"Naja melanoleuca 							
Forest cobra",‚ò†‚ò†‚ò†‚ò†,320.0 cm							ref,,3.50 														 mm							ref,1102 mg								ref,0.093 mg/kg														ref,"592,473 üê≠",0.225 mg/kg														ref
19.,552,"Hydrophis stricticollis 							
Bengal Sea Snake",‚ò†‚ò†‚ò†‚ò†,125.0 cm							ref,,,,0.108 mg/kg														ref,,0.164 mg/kg														ref
20.,401,"Bitis atropos 							
Cape mountain adder",‚ò†‚ò†‚ò†,60.0 cm							ref,,,,0.111 mg/kg														ref,,
21.,736,"Naja kaouthia 							
Monocled cobra",‚ò†‚ò†‚ò†‚ò†,230.0 cm							ref,,6.78 														 mm							ref,742 mg								ref,0.115 mg/kg														ref,"322,609 üê≠",0.24 mg/kg														ref
22.,429,"Echis carinatus 							
Saw scaled viper",‚ò†‚ò†‚ò†‚ò†,90.0 cm							ref,92.8 gr							ref,,72 mg								ref,0.12 mg/kg														ref,"30,000 üê≠",5.5 mg/kg														ref
23.,641,"Hydrophis elegans 							
Elegant sea snake",‚ò†‚ò†‚ò†‚ò†,250.0 cm							ref,2450.0 gr							ref,3.90 														 mm							ref,24 mg								ref,0.12 mg/kg														ref,"10,000 üê≠",0.262 mg/kg														ref
24.,3279,"Rhabdophis subminiatus 							
Red necked keelback",‚ò†‚ò†‚ò†,130.0 cm							ref,,,,0.125 mg/kg														ref,,
25.,453,"Pseudocerastes fieldi 							
Field's horned viper",‚ò†‚ò†‚ò†‚ò†,116.0 cm							ref,185.2 gr							ref,,100 mg								ref,0.125 mg/kg														ref,"40,000 üê≠",
26.,758,"Ophiophagus hannah 							
King cobra",‚ò†‚ò†‚ò†‚ò†,585.0 cm							ref,12700.0 gr							ref,15 														 mm							ref,500 mg								ref,0.125 mg/kg														ref,"200,000 üê≠",1.091 mg/kg														ref
27.,742,"Naja naja 							
Spectacled cobra",‚ò†‚ò†‚ò†‚ò†,220.0 cm							ref,1497.5 gr							ref,7.33 														 mm							ref,610 mg								ref,0.13 mg/kg														ref,"234,615 üê≠",0.29 mg/kg														ref
28.,618,"Hydrophis gracilis 							
Slender sea snake",‚ò†‚ò†‚ò†‚ò†,122.0 cm							ref,,,,0.13 mg/kg														ref,,0.48 mg/kg														ref
29.,217,"Bothrops jararacussu 							
Jararacussu",‚ò†‚ò†‚ò†‚ò†,220.0 cm							ref,,,1000 mg								ref,0.14 mg/kg														ref,"357,143 üê≠",4.92 mg/kg														ref
30.,575,"Hydrophis major 							
Olive headed sea snake",‚ò†‚ò†‚ò†‚ò†,156.0 cm							ref,258.0 gr							ref,3.80 														 mm							ref,,0.143 mg/kg														ref,,0.194 mg/kg														ref
31.,507,"Aipysurus laevis 							
Olive brown sea snake",‚ò†‚ò†‚ò†‚ò†,230.0 cm							ref,3000.0 gr							ref,5 														 mm							ref,71 mg								ref,0.15 mg/kg														ref,"23,667 üê≠",0.069 mg/kg														ref
32.,760,"Oxyuranus scutellatus 							
Coastal taipan",‚ò†‚ò†‚ò†‚ò†,366.0 cm							ref,6500.0 gr							ref,12.10 														 mm							ref,882 mg								ref,0.155 mg/kg														ref,"284,516 üê≠",0.05 mg/kg														ref
33.,636,"Laticauda laticaudata 							
Blue lipped sea krait",‚ò†‚ò†‚ò†‚ò†,136.0 cm							ref,165.0 gr							ref,,,0.16 mg/kg														ref,,0.179 mg/kg														ref
34.,576,"Hydrophis stokesii 							
Large headed Sea Snake",‚ò†‚ò†‚ò†‚ò†,200.0 cm							ref,,7 														 mm							ref,150 mg								ref,0.164 mg/kg														ref,"45,732 üê≠",0.26 mg/kg														ref
35.,729,"Naja annulata 							
Ringed water cobra",‚ò†‚ò†‚ò†‚ò†,270.0 cm							ref,,,,0.167 mg/kg														ref,,
36.,522,"Bungarus fasciatus 							
Banded krait",‚ò†‚ò†‚ò†‚ò†,225.0 cm							ref,,,114 mg								ref,0.17 mg/kg														ref,"33,529 üê≠",3.58 mg/kg														ref
37.,427,"Daboia siamensis 							
Eastern Russell's Viper",‚ò†‚ò†‚ò†‚ò†,150.0 cm							ref,,,268 mg								ref,0.178 mg/kg														ref,"75,281 üê≠",1.37 mg/kg														ref
38.,449,"Montivipera raddei 							
Armenian mountain viper",‚ò†‚ò†‚ò†,110.0 cm							ref,317.3 gr							ref,,,0.1935 mg/kg														ref,,
39.,677,"Micrurus fulvius 							
Eastern coral snake",‚ò†‚ò†‚ò†‚ò†,129.5 cm							ref,,2.70 														 mm							ref,5 mg								ref,0.2 mg/kg														ref,"1,250 üê≠",1.3 mg/kg														ref
40.,692,"Micrurus mosquitensis 							
Costa Rican coral snake",‚ò†‚ò†‚ò†‚ò†,75.0 cm							ref,,,,0.2 mg/kg														ref,,
41.,425,"Daboia palaestinae 							
Palestine viper",‚ò†‚ò†‚ò†‚ò†,180.0 cm							ref,437.5 gr							ref,,,0.2 mg/kg														ref,,2.333 mg/kg														ref
42.,779,"Laticauda semifasciata 							
Black banded sea krait",‚ò†‚ò†‚ò†‚ò†,200.0 cm							ref,641.0 gr							ref,,14 mg								ref,0.211 mg/kg														ref,"3,318 üê≠",0.2 mg/kg														ref
43.,448,"Montivipera latifii 							
Latifi's viper",‚ò†‚ò†‚ò†,78.0 cm							ref,104.0 gr							ref,,,0.224 mg/kg														ref,,4.61 mg/kg														ref
44.,451,"Montivipera xanthina 							
Ottoman viper",‚ò†‚ò†‚ò†,150.0 cm							ref,351.3 gr							ref,,18 mg								ref,0.228 mg/kg														ref,"3,947 üê≠",
45.,768,"Pseudechis australis 							
Mulga snake",‚ò†‚ò†‚ò†‚ò†,330.0 cm							ref,6000.0 gr							ref,6.50 														 mm							ref,1500 mg								ref,0.23 mg/kg														ref,"326,087 üê≠",1.91 mg/kg														ref
46.,650,"Micrurus alleni 							
Allen's coral snake",‚ò†‚ò†‚ò†‚ò†,130.0 cm							ref,,,,0.23 mg/kg														ref,,
47.,2289,"Thelotornis kirtlandii 							
Northern twig snake",‚ò†‚ò†‚ò†‚ò†,170.0 cm							ref,69.0 gr							ref,,,0.25 mg/kg														ref,,
48.,430,"Echis coloratus 							
Painted saw scaled viper",‚ò†‚ò†‚ò†‚ò†,90.0 cm							ref,,,,0.25 mg/kg														ref,,5.167 mg/kg														ref
49.,422,"Cerastes cerastes 							
Horned viper",‚ò†‚ò†‚ò†,90.0 cm							ref,,5 														 mm							ref,,0.25 mg/kg														ref,,0.475 mg/kg														ref
50.,623,"Hydrophis nigrocinctus 							
Black banded sea snake",‚ò†‚ò†‚ò†‚ò†,108.0 cm							ref,,,,0.256 mg/kg														ref,,0.344 mg/kg														ref
51.,733,"Naja atra 							
Chinese cobra",‚ò†‚ò†‚ò†‚ò†,200.0 cm							ref,1925.8 gr							ref,,200 mg								ref,0.264 mg/kg														ref,"37,879 üê≠",0.28 mg/kg														ref
52.,570,"Dendroaspis polylepis 							
Black mamba",‚ò†‚ò†‚ò†‚ò†,430.0 cm							ref,1600.0 gr							ref,7.90 														 mm							ref,400 mg								ref,0.264 mg/kg														ref,"75,758 üê≠",0.055 mg/kg														ref
53.,3281,"Rhabdophis tigrinus 							
Tiger keelback",‚ò†‚ò†‚ò†,130.0 cm							ref,189.3 gr							ref,2.30 														 mm							ref,20.5 mg								ref,0.265 mg/kg														ref,"3,868 üê≠",9.2 mg/kg														ref
54.,747,"Naja oxiana 							
Caspian cobra",‚ò†‚ò†‚ò†‚ò†,190.0 cm							ref,,5.62 														 mm							ref,590 mg								ref,0.272 mg/kg														ref,"108,456 üê≠",0.45 mg/kg														ref
55.,639,"Hydrophis cyanocinctus 							
Annulated sea snake",‚ò†‚ò†‚ò†‚ò†,275.0 cm							ref,,,80 mg								ref,0.275 mg/kg														ref,"14,545 üê≠",0.465 mg/kg														ref
56.,735,"Naja haje 							
Egyptian cobra",‚ò†‚ò†‚ò†‚ò†,300.0 cm							ref,,10 														 mm							ref,300 mg								ref,0.287 mg/kg														ref,"52,265 üê≠",4 mg/kg														ref
57.,442,"Daboia mauritanica 							
Moorish viper",‚ò†‚ò†‚ò†‚ò†,180.0 cm							ref,855.0 gr							ref,,,0.2985 mg/kg														ref,,
58.,698,"Micrurus nigrocinctus 							
Central American coral snake",‚ò†‚ò†‚ò†‚ò†,115.0 cm							ref,,,8 mg								ref,0.3 mg/kg														ref,"1,333 üê≠",1.7 mg/kg														ref
59.,631,"Hydrophis hardwickii 							
Spine bellied sea snake",‚ò†‚ò†‚ò†‚ò†,100.0 cm							ref,330.0 gr							ref,,,0.303 mg/kg														ref,,0.541 mg/kg														ref
60.,276,"Gloydius halys 							
Siberian pit viper",‚ò†‚ò†‚ò†,90.0 cm							ref,,,,0.304 mg/kg														ref,,4 mg/kg														ref
61.,523,"Bungarus flaviceps 							
Red headed krait",‚ò†‚ò†‚ò†‚ò†,195.5 cm							ref,90.3 gr							ref,,50 mg								ref,0.32 mg/kg														ref,"7,813 üê≠",
62.,767,"Hydrophis viperinus 							
Viperine sea snake",‚ò†‚ò†‚ò†‚ò†,100.0 cm							ref,,,,0.35 mg/kg														ref,,
63.,457,"Vipera ammodytes 							
European nose horned viper",‚ò†‚ò†‚ò†,100.0 cm							ref,210.9 gr							ref,13 														 mm							ref,,0.35 mg/kg														ref,,2 mg/kg														ref
64.,330,"Trimeresurus albolabris 							
White lipped pit viper",‚ò†‚ò†‚ò†,100.0 cm							ref,,,15 mg								ref,0.37 mg/kg														ref,"2,027 üê≠",12.75 mg/kg														ref
65.,745,"Naja nivea 							
Cape cobra",‚ò†‚ò†‚ò†‚ò†,185.0 cm							ref,,6 														 mm							ref,150 mg								ref,0.371 mg/kg														ref,"20,216 üê≠",0.4 mg/kg														ref
66.,272,"Deinagkistrodon acutus 							
Chinese sharp nosed pit viper",‚ò†‚ò†‚ò†‚ò†,160.0 cm							ref,1155.0 gr							ref,,214 mg								ref,0.38 mg/kg														ref,"28,158 üê≠",9.2 mg/kg														ref
67.,369,"Trimeresurus sumatranus 							
Sumatran pit viper",‚ò†‚ò†‚ò†,160.0 cm							ref,,10 														 mm							ref,,0.38 mg/kg														ref,,
68.,568,"Dendroaspis angusticeps 							
Eastern green mamba",‚ò†‚ò†‚ò†‚ò†,250.0 cm							ref,282.4 gr							ref,7.70 														 mm							ref,60 mg								ref,0.381 mg/kg														ref,"7,874 üê≠",3.32 mg/kg														ref
69.,399,"Bitis arietans 							
Puff adder",‚ò†‚ò†‚ò†‚ò†,190.5 cm							ref,6000.0 gr							ref,30 														 mm							ref,750 mg								ref,0.389 mg/kg														ref,"96,401 üê≠",0.6 mg/kg														ref
70.,223,"Bothrops moojeni 							
Brazilian lancehead",‚ò†‚ò†‚ò†‚ò†,230.0 cm							ref,217.0 gr							ref,,,0.39 mg/kg														ref,,
71.,755,"Naja sumatrana 							
Sumatran spitting cobra",‚ò†‚ò†‚ò†‚ò†,160.0 cm							ref,,,,0.4 mg/kg														ref,,
72.,460,"Vipera berus 							
Common European adder",‚ò†‚ò†‚ò†,90.0 cm							ref,,4 														 mm							ref,18 mg								ref,0.41 mg/kg														ref,"2,195 üê≠",1 mg/kg														ref
73.,403,"Bitis cornuta 							
Western many horned adder",‚ò†‚ò†‚ò†,60.0 cm							ref,32.6 gr							ref,,,0.444 mg/kg														ref,,
74.,423,"Cerastes gasperettii 							
Arabian horned viper",‚ò†‚ò†‚ò†,85.0 cm							ref,,,,0.481 mg/kg														ref,,
75.,474,"Vipera seoanei 							
Baskian viper",‚ò†‚ò†‚ò†,75.0 cm							ref,90.0 gr							ref,,,0.485 mg/kg														ref,,
76.,748,"Naja pallida 							
Red spitting cobra",‚ò†‚ò†‚ò†‚ò†,153.5 cm							ref,,4.90 														 mm							ref,260 mg								ref,0.49 mg/kg														ref,"26,531 üê≠",
77.,424,"Cerastes vipera 							
Sahara sand viper",‚ò†‚ò†‚ò†,50.0 cm							ref,,,43 mg								ref,0.5 mg/kg														ref,"4,300 üê≠",
78.,361,"Trimeresurus purpureomaculatus 							
Mangrove pit viper",‚ò†‚ò†‚ò†,107.0 cm							ref,,,,0.5 mg/kg														ref,,
79.,166,"Azemiops feae 							
Fea's viper",‚ò†‚ò†‚ò†,100.0 cm							ref,,,1.75 mg								ref,0.52 mg/kg														ref,168 üê≠,
80.,746,"Naja nubiae 							
Nubian spitting cobra",‚ò†‚ò†‚ò†‚ò†,148.0 cm							ref,,,,0.53 mg/kg														ref,,
81.,404,"Bitis gabonica 							
Central African gaboon viper",‚ò†‚ò†‚ò†‚ò†,200.0 cm							ref,11300.0 gr							ref,55 														 mm							ref,2400 mg								ref,0.55 mg/kg														ref,"218,182 üê≠",5 mg/kg														ref
82.,441,"Macrovipera lebetina 							
Levantine viper",‚ò†‚ò†‚ò†‚ò†,210.0 cm							ref,,,150 mg								ref,0.568 mg/kg														ref,"13,204 üê≠",2.72 mg/kg														ref
83.,754,"Naja sputatrix 							
Javan spitting cobra",‚ò†‚ò†‚ò†‚ò†,185.0 cm							ref,,,,0.59 mg/kg														ref,,
84.,454,"Pseudocerastes persicus 							
Persian horned viper",‚ò†‚ò†‚ò†,90.0 cm							ref,215.3 gr							ref,,,0.604 mg/kg														ref,,
85.,205,"Bothrops neuwiedi 							
Neuwied's lancehead",‚ò†‚ò†‚ò†‚ò†,120.0 cm							ref,43.0 gr							ref,,,0.605 mg/kg														ref,,8.42 mg/kg														ref
86.,446,"Montivipera bornmuelleri 							
Lebanon viper",‚ò†‚ò†‚ò†,75.0 cm							ref,193.0 gr							ref,,,0.605 mg/kg														ref,,6.25 mg/kg														ref
87.,466,"Vipera lotievi 							
Caucasian meadow viper",‚ò†‚ò†‚ò†,62.0 cm							ref,,,,0.6075 mg/kg														ref,,
88.,396,"Atheris squamigera 							
African Bush Viper",‚ò†‚ò†‚ò†,80.0 cm							ref,44.5 gr							ref,,,0.611 mg/kg														ref,,
89.,382,"Tropidolaemus wagleri 							
Wagler's pit viper",‚ò†‚ò†‚ò†,130.0 cm							ref,,,90 mg								ref,0.625 mg/kg														ref,"7,200 üê≠",4.625 mg/kg														ref
90.,725,"Micrurus tener 							
Texas coral snake",‚ò†‚ò†‚ò†‚ò†,121.0 cm							ref,33.8 gr							ref,,,0.64 mg/kg														ref,,4.4 mg/kg														ref
91.,571,"Dendroaspis viridis 							
Western green mamba",‚ò†‚ò†‚ò†‚ò†,250.0 cm							ref,,6.70 														 mm							ref,100 mg								ref,0.667 mg/kg														ref,"7,496 üê≠",0.79 mg/kg														ref
92.,592,"Elapsoidea sundevallii 							
Sundevall's African garter snake",‚ò†‚ò†,140.0 cm							ref,,,,0.722 mg/kg														ref,,
93.,510,"Aspidelaps scutatus 							
Shield nose snake",‚ò†‚ò†‚ò†,75.0 cm							ref,75.7 gr							ref,,,0.722 mg/kg														ref,,
94.,322,"Bothrops alternatus 							
Urut√∫",‚ò†‚ò†‚ò†‚ò†,200.0 cm							ref,229.6 gr							ref,,100 mg								ref,0.75 mg/kg														ref,"6,667 üê≠",12.85 mg/kg														ref
95.,676,"Micrurus frontalis 							
Southern coral snake",‚ò†‚ò†‚ò†‚ò†,141.0 cm							ref,80.0 gr							ref,,30 mg								ref,0.75 mg/kg														ref,"2,000 üê≠",2.04 mg/kg														ref
96.,465,"Vipera latastei 							
Lataste's viper",‚ò†‚ò†‚ò†,75.0 cm							ref,87.0 gr							ref,,26 mg								ref,0.755 mg/kg														ref,"1,722 üê≠",
97.,458,"Vipera aspis 							
Aspic viper",‚ò†‚ò†‚ò†,90.0 cm							ref,85.2 gr							ref,,10 mg								ref,0.78 mg/kg														ref,641 üê≠,1 mg/kg														ref
98.,167,"Agkistrodon bilineatus 							
Mexican cantil",‚ò†‚ò†‚ò†‚ò†,138.0 cm							ref,51.1 gr							ref,12 														 mm							ref,688 mg								ref,0.8 mg/kg														ref,"43,000 üê≠",19.2 mg/kg														ref
99.,367,"Trimeresurus stejnegeri 							
Chinese green tree viper",‚ò†‚ò†‚ò†,112.0 cm							ref,175.5 gr							ref,,,0.8 mg/kg														ref,,
100.,436,"Echis ocellatus 							
West African carpet viper",‚ò†‚ò†‚ò†‚ò†,65.0 cm							ref,,,24.8 mg								ref,0.804 mg/kg														ref,"1,542 üê≠",
101.,202,"Bothrops jararaca 							
Jararaca",‚ò†‚ò†‚ò†‚ò†,240.0 cm							ref,414.0 gr							ref,,70 mg								ref,0.835 mg/kg														ref,"4,192 üê≠",4.32 mg/kg														ref
102.,438,"Echis pyramidum 							
Egyptian saw scaled viper",‚ò†‚ò†‚ò†,85.0 cm							ref,76.6 gr							ref,,,0.84 mg/kg														ref,,
103.,569,"Dendroaspis jamesoni 							
Jameson's mamba",‚ò†‚ò†‚ò†‚ò†,255.0 cm							ref,,8 														 mm							ref,120 mg								ref,0.84 mg/kg														ref,"7,143 üê≠",1.02 mg/kg														ref
104.,291,"Lachesis muta 							
Atlantic bushmaster",‚ò†‚ò†‚ò†‚ò†,360.0 cm							ref,5000.0 gr							ref,35 														 mm							ref,411 mg								ref,0.9 mg/kg														ref,"22,833 üê≠",6 mg/kg														ref
105.,286,"Hypnale hypnale 							
Hump nosed pit viper",‚ò†‚ò†‚ò†‚ò†,60.0 cm							ref,,,20 mg								ref,0.9 mg/kg														ref,"1,111 üê≠",
106.,219,"Bothrops leucurus 							
Whitetail lancehead",‚ò†‚ò†‚ò†‚ò†,195.0 cm							ref,,,,0.915 mg/kg														ref,,
107.,239,"Crotalus atrox 							
Western diamondback rattlesnake",‚ò†‚ò†‚ò†‚ò†,230.0 cm							ref,1000.0 gr							ref,16 														 mm							ref,1145 mg								ref,0.92 mg/kg														ref,"62,228 üê≠",7.8 mg/kg														ref
108.,256,"Crotalus pricei 							
Western twin spotted rattlesnake",‚ò†‚ò†‚ò†,66.0 cm							ref,62.6 gr							ref,,8 mg								ref,0.95 mg/kg														ref,421 üê≠,11.39 mg/kg														ref
109.,270,"Crotalus viridis 							
Prairie rattlesnake",‚ò†‚ò†‚ò†‚ò†,160.0 cm							ref,415.0 gr							ref,8.40 														 mm							ref,390 mg								ref,1.01 mg/kg														ref,"19,307 üê≠",5.5 mg/kg														ref
110.,407,"Bitis nasicornis 							
Rhinoceros viper",‚ò†‚ò†‚ò†‚ò†,150.0 cm							ref,,15 														 mm							ref,353 mg								ref,1.056 mg/kg														ref,"16,714 üê≠",
111.,672,"Micrurus dumerilii 							
Dumeril's coral snake",‚ò†‚ò†‚ò†‚ò†,94.8 cm							ref,,,,1.075 mg/kg														ref,,
112.,402,"Bitis caudalis 							
Horned puff adder",‚ò†‚ò†‚ò†,51.5 cm							ref,24.1 gr							ref,,85 mg								ref,1.111 mg/kg														ref,"3,825 üê≠",
113.,285,"Gloydius ussuriensis 							
Ussuri mamushi",‚ò†‚ò†‚ò†,70.0 cm							ref,,,,1.139 mg/kg														ref,,
114.,605,"Hemachatus haemachatus 							
Rinkhals",‚ò†‚ò†‚ò†‚ò†,150.0 cm							ref,,,120 mg								ref,1.15 mg/kg														ref,"5,217 üê≠",1 mg/kg														ref
115.,740,"Naja mossambica 							
Mozambique spitting cobra",‚ò†‚ò†‚ò†‚ò†,154.0 cm							ref,171.3 gr							ref,,656 mg								ref,1.16 mg/kg														ref,"28,276 üê≠",
116.,209,"Bothrops asper 							
Terciopelo",‚ò†‚ò†‚ò†‚ò†,305.0 cm							ref,6000.0 gr							ref,25 														 mm							ref,1530 mg								ref,1.175 mg/kg														ref,"65,106 üê≠",
117.,274,"Gloydius blomhoffii 							
Mamushi",‚ò†‚ò†‚ò†,91.0 cm							ref,63.7 gr							ref,,7 mg								ref,1.32 mg/kg														ref,265 üê≠,18.29 mg/kg														ref
118.,199,"Bothrops diporus 							
Chaco lancehead",‚ò†‚ò†‚ò†‚ò†,110.0 cm							ref,,,,1.33 mg/kg														ref,,
119.,237,"Crotalus adamanteus 							
Eastern Diamondback Rattlesnake",‚ò†‚ò†‚ò†‚ò†,251.0 cm							ref,15400.0 gr							ref,25 														 mm							ref,848 mg								ref,1.333 mg/kg														ref,"31,808 üê≠",7.7 mg/kg														ref
120.,210,"Bothrops atrox 							
Common lancehead",‚ò†‚ò†‚ò†‚ò†,162.0 cm							ref,,,200 mg								ref,1.4 mg/kg														ref,"7,143 üê≠",22.14 mg/kg														ref
121.,176,"Atropoides picadoi 							
Picado's jumping pit viper",‚ò†‚ò†‚ò†,120.2 cm							ref,,,70 mg								ref,1.419 mg/kg														ref,"2,467 üê≠",
122.,737,"Naja katiensis 							
Mali cobra",‚ò†‚ò†‚ò†‚ò†,106.8 cm							ref,,,100 mg								ref,1.42 mg/kg														ref,"3,521 üê≠",
123.,359,"Trimeresurus popeiorum 							
Pope's bamboo pit viper",‚ò†‚ò†‚ò†,97.5 cm							ref,,7 														 mm							ref,,1.45 mg/kg														ref,,
124.,350,"Trimeresurus labialis 							
Nicobar bamboo pit viper",‚ò†‚ò†‚ò†,44.0 cm							ref,,,,1.497 mg/kg														ref,,
125.,317,"Protobothrops mucrosquamatus 							
Taiwan habu",‚ò†‚ò†‚ò†‚ò†,150.0 cm							ref,,,,1.5 mg/kg														ref,,8.6 mg/kg														ref
126.,191,"Bothrops taeniatus 							
Speckled forest pit viper",‚ò†‚ò†‚ò†‚ò†,175.0 cm							ref,,,,1.55 mg/kg														ref,,
127.,408,"Bitis parviocula 							
Ethiopian mountain adder",‚ò†‚ò†‚ò†,75.2 cm							ref,,,,1.56 mg/kg														ref,,
128.,183,"Bothriechis schlegelii 							
Eyelash palm pit viper",‚ò†‚ò†‚ò†,90.0 cm							ref,102.0 gr							ref,,20 mg								ref,1.6 mg/kg														ref,625 üê≠,
129.,271,"Crotalus willardi 							
Arizona Ridgenose Rattlesnake",‚ò†‚ò†‚ò†‚ò†,80.0 cm							ref,,,,1.61 mg/kg														ref,,
130.,248,"Crotalus horridus 							
Timber rattlesnake",‚ò†‚ò†‚ò†‚ò†,190.0 cm							ref,4500.0 gr							ref,,229 mg								ref,1.644 mg/kg														ref,"6,965 üê≠",2.25 mg/kg														ref
131.,344,"Trimeresurus gramineus 							
Bamboo pit viper",‚ò†‚ò†‚ò†,120.0 cm							ref,,7 														 mm							ref,,1.645 mg/kg														ref,,4 mg/kg														ref
132.,200,"Bothrops erythromelas 							
Caatinga lancehead",‚ò†‚ò†‚ò†‚ò†,85.0 cm							ref,,,,1.8 mg/kg														ref,,
133.,693,"Micrurus multifasciatus 							
Many banded coral snake",‚ò†‚ò†‚ò†‚ò†,,,,,1.875 mg/kg														ref,,
134.,275,"Gloydius brevicaudus 							
Short tailed mamushi",‚ò†‚ò†‚ò†,75.0 cm							ref,,,,2.044 mg/kg														ref,,
135.,858,"Myrrophis chinensis 							
Chinese Mud Snake",‚ò†‚ò†,72.0 cm							ref,230.3 gr							ref,,,2.05 mg/kg														ref,,
136.,339,"Trimeresurus erythrurus 							
Red tailed bamboo pit viper",‚ò†‚ò†‚ò†,140.0 cm							ref,,,,2.1 mg/kg														ref,,
137.,259,"Crotalus ruber 							
Red diamond rattlesnake",‚ò†‚ò†‚ò†‚ò†,162.0 cm							ref,285.0 gr							ref,,707 mg								ref,2.17 mg/kg														ref,"16,290 üê≠",9.92 mg/kg														ref
138.,169,"Agkistrodon piscivorus 							
Cottonmouth",‚ò†‚ò†‚ò†‚ò†,180.0 cm							ref,861.0 gr							ref,,170 mg								ref,2.25 mg/kg														ref,"3,778 üê≠",2.044 mg/kg														ref
139.,258,"Crotalus ravus 							
Mexican pygmy rattlesnake",‚ò†‚ò†‚ò†‚ò†,70.0 cm							ref,223.0 gr							ref,,,2.4 mg/kg														ref,,11.25 mg/kg														ref
140.,173,"Atropoides nummifer 							
Central American jumping pit viper",‚ò†‚ò†‚ò†,76.2 cm							ref,,,60 mg								ref,2.4 mg/kg														ref,"1,250 üê≠",
141.,204,"Bothrops matogrossensis 							
Mato Grosso Lanzenotter",‚ò†‚ò†‚ò†‚ò†,130.0 cm							ref,,,,2.45 mg/kg														ref,,
142.,214,"Bothrops caribbaeus 							
Saint Lucia lancehead",‚ò†‚ò†‚ò†‚ò†,213.0 cm							ref,,,,2.5 mg/kg														ref,,
143.,312,"Protobothrops flavoviridis 							
Okinawa habu",‚ò†‚ò†‚ò†‚ò†,300.0 cm							ref,,,353.8 mg								ref,2.5 mg/kg														ref,"7,076 üê≠",4.3 mg/kg														ref
144.,242,"Crotalus cerastes 							
Sidewinder rattlesnake",‚ò†‚ò†‚ò†‚ò†,82.0 cm							ref,,,80 mg								ref,2.6 mg/kg														ref,"1,538 üê≠",5.5 mg/kg														ref
145.,253,"Crotalus molossus 							
Northern black tailed rattlesnake",‚ò†‚ò†‚ò†‚ò†,140.0 cm							ref,438.4 gr							ref,,540 mg								ref,2.63 mg/kg														ref,"10,266 üê≠",
146.,168,"Agkistrodon contortrix 							
Copperhead",‚ò†‚ò†‚ò†,134.6 cm							ref,217.2 gr							ref,7.20 														 mm							ref,75 mg								ref,2.711 mg/kg														ref,"1,383 üê≠",0.6 mg/kg														ref
147.,2189,"Spalerosophis diadema 							
Diadem Snake",?‚ò†?,200.0 cm							ref,211.2 gr							ref,,,2.75 mg/kg														ref,,
148.,329,"Sistrurus miliarius 							
Pygmy rattlesnake",‚ò†‚ò†‚ò†,80.0 cm							ref,40.6 gr							ref,,35 mg								ref,2.8 mg/kg														ref,625 üê≠,24.25 mg/kg														ref
149.,231,"Calloselasma rhodostoma 							
Malayan pit viper",‚ò†‚ò†‚ò†‚ò†,120.0 cm							ref,,,60 mg								ref,2.82 mg/kg														ref,"1,064 üê≠",16.1 mg/kg														ref
150.,234,"Cerrophidion sasai 							
Costa Rica montane pit viper",‚ò†‚ò†‚ò†,71.3 cm							ref,,,,3.6666 mg/kg														ref,,
151.,311,"Protobothrops elegans 							
Sakishima habu",‚ò†‚ò†‚ò†,120.0 cm							ref,,,,3.8 mg/kg														ref,,
152.,181,"Bothriechis nigroviridis 							
Black speckled palm pit viper",‚ò†‚ò†‚ò†,93.7 cm							ref,,,,4.438 mg/kg														ref,,
153.,730,"Naja annulifera 							
Banded cobra",‚ò†‚ò†‚ò†‚ò†,244.5 cm							ref,391.2 gr							ref,,,4.5 mg/kg														ref,,1.75 mg/kg														ref
154.,305,"Porthidium nasutum 							
Rainforest hog nosed pit viper",‚ò†‚ò†‚ò†,60.0 cm							ref,,,25 mg								ref,4.6 mg/kg														ref,272 üê≠,
155.,232,"Cerrophidion godmani 							
Godman's montane pit viper",‚ò†‚ò†‚ò†,82.0 cm							ref,,,20 mg								ref,4.75 mg/kg														ref,211 üê≠,
156.,1639,"Boiga dendrophila 							
Mangrove snake",‚ò†‚ò†,250.0 cm							ref,427.6 gr							ref,,12.5 mg								ref,4.85 mg/kg														ref,129 üê≠,
157.,179,"Bothriechis lateralis 							
Side striped palm viper",‚ò†‚ò†‚ò†,100.0 cm							ref,,,20 mg								ref,5.144 mg/kg														ref,194 üê≠,
158.,257,"Crotalus pusillus 							
Tancitaran dusky rattlesnake",‚ò†‚ò†‚ò†,70.0 cm							ref,,,,5.35 mg/kg														ref,,15 mg/kg														ref
159.,172,"Atropoides mexicanus 							
Mexican jumping pit viper",‚ò†‚ò†‚ò†,90.0 cm							ref,,,,5.656 mg/kg														ref,,
160.,1467,"Malpolon monspessulanus 							
Montpellier Snake",‚ò†‚ò†,200.0 cm							ref,1500.0 gr							ref,3.80 														 mm							ref,,6.5 mg/kg														ref,,
161.,306,"Porthidium ophryomegas 							
Slender hognosed pit viper",‚ò†‚ò†‚ò†,80.0 cm							ref,,,20 mg								ref,6.813 mg/kg														ref,147 üê≠,
162.,856,"Subsessor bocourti 							
Bocourt's Water Snake",‚ò†‚ò†,123.0 cm							ref,2800.0 gr							ref,,,7.3 mg/kg														ref,,
163.,319,"Protobothrops tokarensis 							
Tokara Island Pit Viper",‚ò†‚ò†‚ò†,150.0 cm							ref,,,,7.5 mg/kg														ref,,
164.,352,"Trimeresurus macrops 							
Large eyed pit viper",‚ò†‚ò†‚ò†,72.0 cm							ref,,,,8.75 mg/kg														ref,,
165.,218,"Bothrops lanceolatus 							
Martinique lancehead",‚ò†‚ò†‚ò†‚ò†,298.0 cm							ref,,,,10 mg/kg														ref,,
166.,420,"Causus rhombeatus 							
Common Night Adder",‚ò†‚ò†,100.0 cm							ref,,,300 mg								ref,10.278 mg/kg														ref,"1,459 üê≠",
167.,240,"Crotalus basiliscus 							
Mexican west coast rattlesnake",‚ò†‚ò†‚ò†‚ò†,205.0 cm							ref,,,297 mg								ref,11.1 mg/kg														ref,"1,338 üê≠",2.78 mg/kg														ref
168.,880,"Homalopsis buccata 							
Linne's Water Snake",?‚ò†?,137.0 cm							ref,347.2 gr							ref,,,14.3 mg/kg														ref,,
169.,3225,"Natrix tessellata 							
Dice snake",‚ò†,130.0 cm							ref,79.5 gr							ref,,,25 mg/kg														ref,,
170.,1377,"Atractaspis dahomeyensis 							
Dahomey burrowing asp",‚ò†‚ò†‚ò†,55.5 cm							ref,,,1 mg								ref,2240 mg/kg														ref,0 üê≠,
171.,1619,"Ahaetulla nasuta 							
Long nosed whip snake",‚ò†‚ò†,200.0 cm							ref,,,25 mg								ref,,,
172.,2933,"Philodryas olfersii 							
Lichtenstein's Green Racer",‚ò†‚ò†‚ò†,150.0 cm							ref,91.5 gr							ref,,,,,
173.,1637,"Boiga cyanea 							
Green Cat Snake",‚ò†‚ò†,192.0 cm							ref,819.7 gr							ref,,13.16 mg								ref,,,
174.,2817,"Leptodeira annulata 							
Banded Cat eyed Snake",‚ò†‚ò†,65.4 cm							ref,29.9 gr							ref,,,,,50 mg/kg														ref
175.,2794,"Hypsiglena jani 							
San Luis Potosi night snake",?‚ò†?,42.8 cm							ref,37.1 gr							ref,,1.05 mg								ref,,,26 mg/kg														ref
176.,2798,"Hypsiglena torquata 							
Night snake",?‚ò†?,65.0 cm							ref,,,1.05 mg								ref,,,
177.,2244,"Tantilla nigriceps 							
Plains Blackhead Snake",?‚ò†?,42.3 cm							ref,10.0 gr							ref,,0.1 mg								ref,,,
178.,2288,"Thelotornis capensis 							
Southern twig snake",‚ò†‚ò†‚ò†‚ò†,160.0 cm							ref,78.8 gr							ref,,,,,
179.,2785,"Hydrodynastes gigas 							
False Water Cobra",‚ò†‚ò†,214.6 cm							ref,2709.0 gr							ref,,15.2 mg								ref,,,
180.,2296,"Toxicodryas blandingii 							
Blandings Tree Snake",‚ò†‚ò†,274.0 cm							ref,,,,,,
181.,2299,"Trimorphodon lambda 							
Sonoran Lyre Snake",‚ò†‚ò†,92.1 cm							ref,101.4 gr							ref,,7.7 mg								ref,,,
182.,2650,"Diadophis punctatus 							
Ringneck Snake",‚ò†‚ò†,75.0 cm							ref,19.0 gr							ref,,2.88 mg								ref,,,
183.,3322,"Thamnophis sirtalis 							
Common Garter Snake",‚ò†‚ò†,130.0 cm							ref,104.2 gr							ref,,,,,
184.,3300,"Thamnophis elegans 							
Western Terrestrial Garter Snake",‚ò†‚ò†,89.5 cm							ref,167.9 gr							ref,,0.46 mg								ref,,,
185.,3188,"Amphiesma stolatum 							
Buff Striped Keelback",‚ò†‚ò†,90.0 cm							ref,,,0.1 mg								ref,,,
186.,476,"Vipera ursinii 							
Ursini's viper",‚ò†‚ò†‚ò†,80.0 cm							ref,65.0 gr							ref,,4 mg								ref,,,
187.,509,"Aspidelaps lubricus 							
Cape coral snake",‚ò†‚ò†‚ò†,80.0 cm							ref,,,13.75 mg								ref,,,
188.,410,"Bitis rhinoceros 							
West African gaboon viper",‚ò†‚ò†‚ò†‚ò†,180.0 cm							ref,,50 														 mm							ref,848 mg								ref,,,
189.,353,"Trimeresurus malabaricus 							
Malabar pit viper",‚ò†‚ò†‚ò†,105.0 cm							ref,,,,,,18.5 mg/kg														ref
190.,328,"Sistrurus catenatus 							
Massassauga",‚ò†‚ò†‚ò†,100.0 cm							ref,,,45 mg								ref,,,5.25 mg/kg														ref
191.,290,"Lachesis melanocephala 							
Black headed bushmaster",‚ò†‚ò†‚ò†‚ò†,240.0 cm							ref,,,,,,
192.,282,"Gloydius shedaoensis 							
Shedao island pit viper",‚ò†‚ò†‚ò†,80.0 cm							ref,124.0 gr							ref,,,,,
193.,278,"Gloydius intermedius 							
Intermediate mamushi",‚ò†‚ò†‚ò†,80.0 cm							ref,,,,,,
194.,269,"Crotalus tzabcan 							
Yucat√°n neotropical rattlesnake",‚ò†‚ò†‚ò†‚ò†,170.0 cm							ref,,,,,,
195.,266,"Crotalus totonacus 							
Totonacan rattlesnake",‚ò†‚ò†‚ò†‚ò†,167.0 cm							ref,,,,,,
196.,261,"Crotalus simus 							
Central American rattlesnake",‚ò†‚ò†‚ò†‚ò†,180.0 cm							ref,,,,,,
197.,252,"Crotalus mitchellii 							
San Lucan Speckled rattlesnake",‚ò†‚ò†‚ò†‚ò†,136.0 cm							ref,,,308 mg								ref,,,
198.,251,"Crotalus lepidus 							
Mottled Rock rattlesnake",‚ò†‚ò†‚ò†‚ò†,83.0 cm							ref,,,129 mg								ref,,,
199.,246,"Crotalus enyo 							
Baja California rattlesnake",‚ò†‚ò†‚ò†‚ò†,89.0 cm							ref,,,,,,
200.,632,"Laticauda colubrina 							
Common Yellow lipped Sea Krait",‚ò†‚ò†‚ò†‚ò†,170.0 cm							ref,400.0 gr							ref,,,,,0.45 mg/kg														ref
201.,243,"Crotalus cerberus 							
Arizona black rattlesnake",‚ò†‚ò†‚ò†‚ò†,130.0 cm							ref,,,,,,
202.,241,"Crotalus catalinensis 							
Santa Catalina Island Rattlesnake",‚ò†‚ò†‚ò†‚ò†,70.0 cm							ref,,,,,,
203.,699,"Micrurus obscurus 							
Bolivian coral snake",‚ò†‚ò†‚ò†‚ò†,120.0 cm							ref,,,,,,
204.,326,"Bothrops itapetiningae 							
S√£o Paulo lancehead",‚ò†‚ò†‚ò†‚ò†,50.0 cm							ref,38.0 gr							ref,,,,,17.19 mg/kg														ref
205.,325,"Bothrops fonsecai 							
Fonseca's lancehead",‚ò†‚ò†‚ò†‚ò†,150.0 cm							ref,,,,,,
206.,651,"Micrurus altirostris 							
Uruguayan Coral Snake",‚ò†‚ò†‚ò†‚ò†,131.0 cm							ref,,,,,,
207.,666,"Micrurus corallinus 							
Painted coral snake",‚ò†‚ò†‚ò†‚ò†,98.0 cm							ref,,,,,,
208.,671,"Micrurus distans 							
West Mexican coral snake",‚ò†‚ò†‚ò†‚ò†,107.5 cm							ref,,2.40 														 mm							ref,,,,
209.,324,"Bothrops cotiara 							
Cotiara",‚ò†‚ò†‚ò†‚ò†,100.0 cm							ref,,,,,,7.03 mg/kg														ref
210.,211,"Bothrops ayerbei 							
Ayerbe's Lancehead",‚ò†‚ò†‚ò†‚ò†,130.0 cm							ref,,,,,,
211.,678,"Micrurus hemprichii 							
Hemprich's coral snake",‚ò†‚ò†‚ò†‚ò†,91.0 cm							ref,,,,,,
212.,680,"Micrurus ibiboboca 							
Caatinga coral snake",‚ò†‚ò†‚ò†‚ò†,133.0 cm							ref,48.5 gr							ref,,,,,
213.,685,"Micrurus lemniscatus 							
South American coral snake",‚ò†‚ò†‚ò†‚ò†,145.0 cm							ref,38.5 gr							ref,,,,,
214.,691,"Micrurus mipartitus 							
Redtail coral snake",‚ò†‚ò†‚ò†‚ò†,120.0 cm							ref,,,,,,
215.,206,"Bothrops pauloensis 							
Black faced Lancehead",‚ò†‚ò†‚ò†‚ò†,85.0 cm							ref,,,,,,
216.,201,"Bothrops insularis 							
Golden lancehead viper",‚ò†‚ò†‚ò†‚ò†,120.0 cm							ref,,,,,,8.2 mg/kg														ref
217.,170,"Agkistrodon taylori 							
Castellana",‚ò†‚ò†‚ò†‚ò†,96.0 cm							ref,,,,,,
218.,718,"Micrurus spixii 							
Amazon coral snake",‚ò†‚ò†‚ò†‚ò†,160.0 cm							ref,,,,,,
219.,723,"Micrurus surinamensis 							
Aquatic coral snake",‚ò†‚ò†‚ò†‚ò†,135.0 cm							ref,,,,,,
220.,836,"Tropidechis carinatus 							
Clarence river snake",‚ò†‚ò†‚ò†‚ò†,100.0 cm							ref,170.0 gr							ref,5 														 mm							ref,84 mg								ref,,,0.58 mg/kg														ref
221.,789,"Pseudonaja textilis 							
Eastern brown snake",‚ò†‚ò†‚ò†‚ò†,240.0 cm							ref,,4 														 mm							ref,155 mg								ref,,,0.041 mg/kg														ref
222.,788,"Pseudonaja nuchalis 							
Western brown snake",‚ò†‚ò†‚ò†‚ò†,180.0 cm							ref,464.0 gr							ref,,74 mg								ref,,,0.338 mg/kg														ref
223.,784,"Pseudonaja inframacula 							
Peninsula brown snake",‚ò†‚ò†‚ò†‚ò†,170.0 cm							ref,,,76.21 mg								ref,,,0.25 mg/kg														ref
224.,732,"Naja ashei 							
Giant spitting cobra",‚ò†‚ò†‚ò†‚ò†,274.3 cm							ref,,,3000 mg								ref,,,
225.,783,"Pseudonaja guttata 							
Speckled brown snake",‚ò†‚ò†‚ò†,147.0 cm							ref,,,6 mg								ref,,,
226.,734,"Naja christyi 							
Congo water cobra",‚ò†‚ò†‚ò†‚ò†,190.0 cm							ref,,,,,,
227.,780,"Pseudonaja affinis 							
Dugite",‚ò†‚ò†‚ò†‚ò†,213.0 cm							ref,1500.0 gr							ref,,143 mg								ref,,,0.56 mg/kg														ref
228.,773,"Pseudechis papuanus 							
Papuan black snake",‚ò†‚ò†‚ò†‚ò†,245.0 cm							ref,,,,,,1.09 mg/kg														ref
229.,771,"Pseudechis guttatus 							
Blue bellied black snake",‚ò†‚ò†‚ò†‚ò†,200.0 cm							ref,,3.50 														 mm							ref,213 mg								ref,,,1.53 mg/kg														ref
230.,770,"Pseudechis colletti 							
Collett's black snake",‚ò†‚ò†‚ò†,240.0 cm							ref,,,226 mg								ref,,,2.38 mg/kg														ref
231.,769,"Pseudechis butleri 							
Butler's black snake",‚ò†‚ò†‚ò†‚ò†,160.0 cm							ref,,,64 mg								ref,,,
232.,761,"Oxyuranus temporalis 							
Central Ranges taipan",‚ò†‚ò†‚ò†‚ò†,166.3 cm							ref,482.0 gr							ref,3 														 mm							ref,,,,
233.,759,"Oxyuranus microlepidotus 							
Inland taipan",‚ò†‚ò†‚ò†‚ò†,250.0 cm							ref,838.0 gr							ref,6.20 														 mm							ref,217 mg								ref,,,0.01 mg/kg														ref
234.,597,"Hydrophis schistosus 							
Beaked sea snake",‚ò†‚ò†‚ò†‚ò†,158.0 cm							ref,2000.0 gr							ref,4 														 mm							ref,80 mg								ref,,,0.164 mg/kg														ref
235.,3363,"Hydrophis ornatus 							
Ornate reef sea snake",‚ò†‚ò†‚ò†‚ò†,170.0 cm							ref,,,,,,
236.,645,"Hydrophis spiralis 							
Narrow banded Sea Snake",‚ò†‚ò†‚ò†‚ò†,275.0 cm							ref,,,,,,
237.,622,"Hydrophis melanosoma 							
Black banded Robust Sea Snake",‚ò†‚ò†‚ò†‚ò†,155.0 cm							ref,,,,,,
238.,749,"Naja philippinensis 							
Northern Philippine cobra",‚ò†‚ò†‚ò†‚ò†,200.0 cm							ref,,,250 mg								ref,,,0.2 mg/kg														ref
239.,543,"Hydrophis belcheri 							
Belcher's sea snake",‚ò†‚ò†‚ò†‚ò†,122.0 cm							ref,260.0 gr							ref,,,,,
240.,494,"Hydrophis peronii 							
Horned Sea Snake",‚ò†‚ò†‚ò†‚ò†,140.0 cm							ref,,,1 mg								ref,,,0.062 mg/kg														ref
241.,620,"Hydrophis klossi 							
Selangor Sea Snake",‚ò†‚ò†‚ò†‚ò†,142.0 cm							ref,,,,,,
242.,843,"Walterinnesia aegyptia 							
Western black desert cobra",‚ò†‚ò†‚ò†‚ò†,130.0 cm							ref,321.0 gr							ref,,,,,0.4 mg/kg														ref
243.,495,"Acanthophis antarcticus 							
Common Death Adder",‚ò†‚ò†‚ò†‚ò†,100.0 cm							ref,252.0 gr							ref,8.30 														 mm							ref,236 mg								ref,,,0.338 mg/kg														ref
244.,628,"Hydrophis jerdonii 							
Cone nosed Sea Snake",‚ò†‚ò†‚ò†‚ò†,117.0 cm							ref,,,,,,
245.,503,"Aipysurus duboisii 							
Dubois' sea snake",‚ò†‚ò†‚ò†‚ò†,148.0 cm							ref,,1.80 														 mm							ref,1.7 mg								ref,,,0.032 mg/kg														ref
246.,516,"Austrelaps superbus 							
Lowland copperhead",‚ò†‚ò†‚ò†‚ò†,175.0 cm							ref,339.0 gr							ref,4.50 														 mm							ref,155 mg								ref,,,0.5 mg/kg														ref
247.,554,"Cryptophis nigrescens 							
Small eyed snake",‚ò†‚ò†‚ò†‚ò†,120.0 cm							ref,35.0 gr							ref,,,,,2.67 mg/kg														ref
248.,558,"Demansia olivacea 							
Olive whip snake",‚ò†‚ò†‚ò†,110.0 cm							ref,,,,,,14.2 mg/kg														ref
249.,594,"Emydocephalus annulatus 							
Annulated Turtle headed Sea Snake",‚ò†‚ò†,105.0 cm							ref,,0.15 														 mm							ref,1.2 mg								ref,,,25 mg/kg														ref
250.,611,"Hoplocephalus stephensii 							
Stephen's Banded Snake",‚ò†‚ò†‚ò†,100.0 cm							ref,104.0 gr							ref,,154 mg								ref,,,1.36 mg/kg														ref
251.,642,"Hydrophis melanocephalus 							
Black headed Slender necked Sea Snake",‚ò†‚ò†‚ò†‚ò†,161.0 cm							ref,,,,,,0.111 mg/kg														ref
252.,630,"Hydrophis curtus 							
Short Sea Snake",‚ò†‚ò†‚ò†‚ò†,150.0 cm							ref,147.1 gr							ref,3.30 														 mm							ref,15 mg								ref,,,
"<!-- logo, commented out for menu's sake. is this a nested table???.. ;) 	 --> <!-- same info as Database Monitor - comment it out 	 	 		 			 species 		 - venomous 		 - non venomous 		 - unknown 	 	 						 --> 	 	snakeDB 	Search 	LD50 	Taxonomy 	Systematik 	DBmonitor 	Imprint 	 <!-- google_ad_client = ""ca-pub-7838177538080172""; /* 160x600 snakeDB */ google_ad_slot = ""1583047148""; google_ad_width = 160; google_ad_height = 600; //--> <!-- -->","<!-- logo, commented out for menu's sake. is this a nested table???.. ;) 	 --> <!-- same info as Database Monitor - comment it out 	 	 		 			 species 		 - venomous 		 - non venomous 		 - unknown 	 	 						 --> 	 	snakeDB 	Search 	LD50 	Taxonomy 	Systematik 	DBmonitor 	Imprint",snakeDB,Search,LD50,Taxonomy,Systematik,DBmonitor,Imprint,"<!-- google_ad_client = ""ca-pub-7838177538080172""; /* 160x600 snakeDB */ google_ad_slot = ""1583047148""; google_ad_width = 160; google_ad_height = 600; //--> <!-- -->",
"<!-- logo, commented out for menu's sake. is this a nested table???.. ;) 	 --> <!-- same info as Database Monitor - comment it out 	 	 		 			 species 		 - venomous 		 - non venomous 		 - unknown 	 	 						 --> 	 	snakeDB 	Search 	LD50 	Taxonomy 	Systematik 	DBmonitor 	Imprint",snakeDB,Search,LD50,Taxonomy,Systematik,DBmonitor,Imprint,,,
snakeDB,Search,LD50,Taxonomy,Systematik,DBmonitor,Imprint,,,,
"<!-- google_ad_client = ""ca-pub-7838177538080172""; /* 160x600 snakeDB */ google_ad_slot = ""1583047148""; google_ad_width = 160; google_ad_height = 600; //--> <!-- -->",,,,,,,,,,
"<!-- logo, commented out for menu's sake. is this a nested table???.. ;) 	 --> <!-- same info as Database Monitor - comment it out 	 	 		 			 species 		 - venomous 		 - non venomous 		 - unknown 	 	 						 --> 	 	snakeDB 	Search 	LD50 	Taxonomy 	Systematik 	DBmonitor 	Imprint",snakeDB,Search,LD50,Taxonomy,Systematik,DBmonitor,Imprint,,,
snakeDB,Search,LD50,Taxonomy,Systematik,DBmonitor,Imprint,,,,
snakeDB,Search,LD50,Taxonomy,Systematik,DBmonitor,Imprint,,,,
"<!-- google_ad_client = ""ca-pub-7838177538080172""; /* 160x600 snakeDB */ google_ad_slot = ""1583047148""; google_ad_width = 160; google_ad_height = 600; //--> <!-- -->",,,,,,,,,,
No.,,"Scientific Name
Common Name",Toxicity,Length,Weight,Fangs,"Venom yield
(dry)",LD50 IV ‚ñæ,50% kill,LD50 SC
1.,744,"Naja nigricollis 							
Black necked spitting cobra",‚ò†‚ò†‚ò†‚ò†,280.0 cm							ref,256.7 gr							ref,5.80 														 mm							ref,200 mg								ref,0.03 mg/kg														ref,"333,333 üê≠",2 mg/kg														ref
2.,260,"Crotalus scutulatus 							
Mohave rattlesnake",‚ò†‚ò†‚ò†‚ò†,130.0 cm							ref,,8.80 														 mm							ref,150 mg								ref,0.03 mg/kg														ref,"250,000 üê≠",0.31 mg/kg														ref
3.,426,"Daboia russelii 							
Russell's viper",‚ò†‚ò†‚ò†‚ò†,180.0 cm							ref,675.0 gr							ref,13 														 mm							ref,240 mg								ref,0.035 mg/kg														ref,"342,857 üê≠",8.25 mg/kg														ref
4.,756,"Notechis scutatus 							
Mainland tiger snake",‚ò†‚ò†‚ò†‚ò†,290.0 cm							ref,1700.0 gr							ref,5.50 														 mm							ref,636 mg								ref,0.04 mg/kg														ref,"795,000 üê≠",0.099 mg/kg														ref
5.,519,"Bungarus caeruleus 							
Indian krait",‚ò†‚ò†‚ò†‚ò†,180.0 cm							ref,,3 														 mm							ref,30 mg								ref,0.04 mg/kg														ref,"37,500 üê≠",0.45 mg/kg														ref
6.,520,"Bungarus candidus 							
Blue krait",‚ò†‚ò†‚ò†‚ò†,155.0 cm							ref,615.0 gr							ref,,67.7 mg								ref,0.04 mg/kg														ref,"84,625 üê≠",
7.,254,"Crotalus oreganus 							
Northern Pacific rattlesnake",‚ò†‚ò†‚ò†‚ò†,162.0 cm							ref,502.6 gr							ref,,,0.045 mg/kg														ref,,3.56 mg/kg														ref
8.,245,"Crotalus durissus 							
South American rattlesnake",‚ò†‚ò†‚ò†‚ò†,200.0 cm							ref,2440.5 gr							ref,,100 mg								ref,0.047 mg/kg														ref,"106,383 üê≠",0.0478 mg/kg														ref
9.,265,"Crotalus tigris 							
Tiger rattlesnake",‚ò†‚ò†‚ò†,88.5 cm							ref,454.0 gr							ref,,11 mg								ref,0.056 mg/kg														ref,"9,821 üê≠",0.21 mg/kg														ref
10.,1373,"Atractaspis bibronii 							
Bibron's burrowing asp",‚ò†‚ò†‚ò†,70.0 cm							ref,34.3 gr							ref,,1.4 mg								ref,0.06 mg/kg														ref,"1,167 üê≠",
11.,1385,"Atractaspis microlepidota 							
Small scaled burrowing asp",‚ò†‚ò†‚ò†,110.0 cm							ref,93.5 gr							ref,,10 mg								ref,0.06 mg/kg														ref,"8,333 üê≠",
12.,1379,"Atractaspis engaddensis 							
Palestinian Mole Viper",‚ò†‚ò†‚ò†,100.0 cm							ref,57.5 gr							ref,4 														 mm							ref,9.6 mg								ref,0.06 mg/kg														ref,"8,000 üê≠",
13.,1816,"Dispholidus typus 							
Boomslang",‚ò†‚ò†‚ò†‚ò†,200.0 cm							ref,510.0 gr							ref,5.20 														 mm							ref,8 mg								ref,0.067 mg/kg														ref,"5,970 üê≠",12.5 mg/kg														ref
14.,526,"Bungarus multicinctus 							
Many banded krait",‚ò†‚ò†‚ò†‚ò†,180.0 cm							ref,295.1 gr							ref,,18.4 mg								ref,0.071 mg/kg														ref,"12,958 üê≠",0.16 mg/kg														ref
15.,753,"Naja siamensis 							
Indochinese spitting cobra",‚ò†‚ò†‚ò†‚ò†,160.0 cm							ref,,4.70 														 mm							ref,738 mg								ref,0.075 mg/kg														ref,"492,000 üê≠",
16.,1646,"Boiga irregularis 							
Brown tree snake",‚ò†‚ò†‚ò†,310.0 cm							ref,1510.0 gr							ref,,25 mg								ref,0.08 mg/kg														ref,"15,625 üê≠",
17.,765,"Hydrophis platurus 							
Yellowbelly sea snake",‚ò†‚ò†‚ò†‚ò†,133.0 cm							ref,,1.50 														 mm							ref,4.4 mg								ref,0.09 mg/kg														ref,"2,444 üê≠",0.055 mg/kg														ref
18.,739,"Naja melanoleuca 							
Forest cobra",‚ò†‚ò†‚ò†‚ò†,320.0 cm							ref,,3.50 														 mm							ref,1102 mg								ref,0.093 mg/kg														ref,"592,473 üê≠",0.225 mg/kg														ref
19.,552,"Hydrophis stricticollis 							
Bengal Sea Snake",‚ò†‚ò†‚ò†‚ò†,125.0 cm							ref,,,,0.108 mg/kg														ref,,0.164 mg/kg														ref
20.,401,"Bitis atropos 							
Cape mountain adder",‚ò†‚ò†‚ò†,60.0 cm							ref,,,,0.111 mg/kg														ref,,
21.,736,"Naja kaouthia 							
Monocled cobra",‚ò†‚ò†‚ò†‚ò†,230.0 cm							ref,,6.78 														 mm							ref,742 mg								ref,0.115 mg/kg														ref,"322,609 üê≠",0.24 mg/kg														ref
22.,429,"Echis carinatus 							
Saw scaled viper",‚ò†‚ò†‚ò†‚ò†,90.0 cm							ref,92.8 gr							ref,,72 mg								ref,0.12 mg/kg														ref,"30,000 üê≠",5.5 mg/kg														ref
23.,641,"Hydrophis elegans 							
Elegant sea snake",‚ò†‚ò†‚ò†‚ò†,250.0 cm							ref,2450.0 gr							ref,3.90 														 mm							ref,24 mg								ref,0.12 mg/kg														ref,"10,000 üê≠",0.262 mg/kg														ref
24.,3279,"Rhabdophis subminiatus 							
Red necked keelback",‚ò†‚ò†‚ò†,130.0 cm							ref,,,,0.125 mg/kg														ref,,
25.,453,"Pseudocerastes fieldi 							
Field's horned viper",‚ò†‚ò†‚ò†‚ò†,116.0 cm							ref,185.2 gr							ref,,100 mg								ref,0.125 mg/kg														ref,"40,000 üê≠",
26.,758,"Ophiophagus hannah 							
King cobra",‚ò†‚ò†‚ò†‚ò†,585.0 cm							ref,12700.0 gr							ref,15 														 mm							ref,500 mg								ref,0.125 mg/kg														ref,"200,000 üê≠",1.091 mg/kg														ref
27.,742,"Naja naja 							
Spectacled cobra",‚ò†‚ò†‚ò†‚ò†,220.0 cm							ref,1497.5 gr							ref,7.33 														 mm							ref,610 mg								ref,0.13 mg/kg														ref,"234,615 üê≠",0.29 mg/kg														ref
28.,618,"Hydrophis gracilis 							
Slender sea snake",‚ò†‚ò†‚ò†‚ò†,122.0 cm							ref,,,,0.13 mg/kg														ref,,0.48 mg/kg														ref
29.,217,"Bothrops jararacussu 							
Jararacussu",‚ò†‚ò†‚ò†‚ò†,220.0 cm							ref,,,1000 mg								ref,0.14 mg/kg														ref,"357,143 üê≠",4.92 mg/kg														ref
30.,575,"Hydrophis major 							
Olive headed sea snake",‚ò†‚ò†‚ò†‚ò†,156.0 cm							ref,258.0 gr							ref,3.80 														 mm							ref,,0.143 mg/kg														ref,,0.194 mg/kg														ref
31.,507,"Aipysurus laevis 							
Olive brown sea snake",‚ò†‚ò†‚ò†‚ò†,230.0 cm							ref,3000.0 gr							ref,5 														 mm							ref,71 mg								ref,0.15 mg/kg														ref,"23,667 üê≠",0.069 mg/kg														ref
32.,760,"Oxyuranus scutellatus 							
Coastal taipan",‚ò†‚ò†‚ò†‚ò†,366.0 cm							ref,6500.0 gr							ref,12.10 														 mm							ref,882 mg								ref,0.155 mg/kg														ref,"284,516 üê≠",0.05 mg/kg														ref
33.,636,"Laticauda laticaudata 							
Blue lipped sea krait",‚ò†‚ò†‚ò†‚ò†,136.0 cm							ref,165.0 gr							ref,,,0.16 mg/kg														ref,,0.179 mg/kg														ref
34.,576,"Hydrophis stokesii 							
Large headed Sea Snake",‚ò†‚ò†‚ò†‚ò†,200.0 cm							ref,,7 														 mm							ref,150 mg								ref,0.164 mg/kg														ref,"45,732 üê≠",0.26 mg/kg														ref
35.,729,"Naja annulata 							
Ringed water cobra",‚ò†‚ò†‚ò†‚ò†,270.0 cm							ref,,,,0.167 mg/kg														ref,,
36.,522,"Bungarus fasciatus 							
Banded krait",‚ò†‚ò†‚ò†‚ò†,225.0 cm							ref,,,114 mg								ref,0.17 mg/kg														ref,"33,529 üê≠",3.58 mg/kg														ref
37.,427,"Daboia siamensis 							
Eastern Russell's Viper",‚ò†‚ò†‚ò†‚ò†,150.0 cm							ref,,,268 mg								ref,0.178 mg/kg														ref,"75,281 üê≠",1.37 mg/kg														ref
38.,449,"Montivipera raddei 							
Armenian mountain viper",‚ò†‚ò†‚ò†,110.0 cm							ref,317.3 gr							ref,,,0.1935 mg/kg														ref,,
39.,677,"Micrurus fulvius 							
Eastern coral snake",‚ò†‚ò†‚ò†‚ò†,129.5 cm							ref,,2.70 														 mm							ref,5 mg								ref,0.2 mg/kg														ref,"1,250 üê≠",1.3 mg/kg														ref
40.,692,"Micrurus mosquitensis 							
Costa Rican coral snake",‚ò†‚ò†‚ò†‚ò†,75.0 cm							ref,,,,0.2 mg/kg														ref,,
41.,425,"Daboia palaestinae 							
Palestine viper",‚ò†‚ò†‚ò†‚ò†,180.0 cm							ref,437.5 gr							ref,,,0.2 mg/kg														ref,,2.333 mg/kg														ref
42.,779,"Laticauda semifasciata 							
Black banded sea krait",‚ò†‚ò†‚ò†‚ò†,200.0 cm							ref,641.0 gr							ref,,14 mg								ref,0.211 mg/kg														ref,"3,318 üê≠",0.2 mg/kg														ref
43.,448,"Montivipera latifii 							
Latifi's viper",‚ò†‚ò†‚ò†,78.0 cm							ref,104.0 gr							ref,,,0.224 mg/kg														ref,,4.61 mg/kg														ref
44.,451,"Montivipera xanthina 							
Ottoman viper",‚ò†‚ò†‚ò†,150.0 cm							ref,351.3 gr							ref,,18 mg								ref,0.228 mg/kg														ref,"3,947 üê≠",
45.,768,"Pseudechis australis 							
Mulga snake",‚ò†‚ò†‚ò†‚ò†,330.0 cm							ref,6000.0 gr							ref,6.50 														 mm							ref,1500 mg								ref,0.23 mg/kg														ref,"326,087 üê≠",1.91 mg/kg														ref
46.,650,"Micrurus alleni 							
Allen's coral snake",‚ò†‚ò†‚ò†‚ò†,130.0 cm							ref,,,,0.23 mg/kg														ref,,
47.,2289,"Thelotornis kirtlandii 							
Northern twig snake",‚ò†‚ò†‚ò†‚ò†,170.0 cm							ref,69.0 gr							ref,,,0.25 mg/kg														ref,,
48.,430,"Echis coloratus 							
Painted saw scaled viper",‚ò†‚ò†‚ò†‚ò†,90.0 cm							ref,,,,0.25 mg/kg														ref,,5.167 mg/kg														ref
49.,422,"Cerastes cerastes 							
Horned viper",‚ò†‚ò†‚ò†,90.0 cm							ref,,5 														 mm							ref,,0.25 mg/kg														ref,,0.475 mg/kg														ref
50.,623,"Hydrophis nigrocinctus 							
Black banded sea snake",‚ò†‚ò†‚ò†‚ò†,108.0 cm							ref,,,,0.256 mg/kg														ref,,0.344 mg/kg														ref
51.,733,"Naja atra 							
Chinese cobra",‚ò†‚ò†‚ò†‚ò†,200.0 cm							ref,1925.8 gr							ref,,200 mg								ref,0.264 mg/kg														ref,"37,879 üê≠",0.28 mg/kg														ref
52.,570,"Dendroaspis polylepis 							
Black mamba",‚ò†‚ò†‚ò†‚ò†,430.0 cm							ref,1600.0 gr							ref,7.90 														 mm							ref,400 mg								ref,0.264 mg/kg														ref,"75,758 üê≠",0.055 mg/kg														ref
53.,3281,"Rhabdophis tigrinus 							
Tiger keelback",‚ò†‚ò†‚ò†,130.0 cm							ref,189.3 gr							ref,2.30 														 mm							ref,20.5 mg								ref,0.265 mg/kg														ref,"3,868 üê≠",9.2 mg/kg														ref
54.,747,"Naja oxiana 							
Caspian cobra",‚ò†‚ò†‚ò†‚ò†,190.0 cm							ref,,5.62 														 mm							ref,590 mg								ref,0.272 mg/kg														ref,"108,456 üê≠",0.45 mg/kg														ref
55.,639,"Hydrophis cyanocinctus 							
Annulated sea snake",‚ò†‚ò†‚ò†‚ò†,275.0 cm							ref,,,80 mg								ref,0.275 mg/kg														ref,"14,545 üê≠",0.465 mg/kg														ref
56.,735,"Naja haje 							
Egyptian cobra",‚ò†‚ò†‚ò†‚ò†,300.0 cm							ref,,10 														 mm							ref,300 mg								ref,0.287 mg/kg														ref,"52,265 üê≠",4 mg/kg														ref
57.,442,"Daboia mauritanica 							
Moorish viper",‚ò†‚ò†‚ò†‚ò†,180.0 cm							ref,855.0 gr							ref,,,0.2985 mg/kg														ref,,
58.,698,"Micrurus nigrocinctus 							
Central American coral snake",‚ò†‚ò†‚ò†‚ò†,115.0 cm							ref,,,8 mg								ref,0.3 mg/kg														ref,"1,333 üê≠",1.7 mg/kg														ref
59.,631,"Hydrophis hardwickii 							
Spine bellied sea snake",‚ò†‚ò†‚ò†‚ò†,100.0 cm							ref,330.0 gr							ref,,,0.303 mg/kg														ref,,0.541 mg/kg														ref
60.,276,"Gloydius halys 							
Siberian pit viper",‚ò†‚ò†‚ò†,90.0 cm							ref,,,,0.304 mg/kg														ref,,4 mg/kg														ref
61.,523,"Bungarus flaviceps 							
Red headed krait",‚ò†‚ò†‚ò†‚ò†,195.5 cm							ref,90.3 gr							ref,,50 mg								ref,0.32 mg/kg														ref,"7,813 üê≠",
62.,767,"Hydrophis viperinus 							
Viperine sea snake",‚ò†‚ò†‚ò†‚ò†,100.0 cm							ref,,,,0.35 mg/kg														ref,,
63.,457,"Vipera ammodytes 							
European nose horned viper",‚ò†‚ò†‚ò†,100.0 cm							ref,210.9 gr							ref,13 														 mm							ref,,0.35 mg/kg														ref,,2 mg/kg														ref
64.,330,"Trimeresurus albolabris 							
White lipped pit viper",‚ò†‚ò†‚ò†,100.0 cm							ref,,,15 mg								ref,0.37 mg/kg														ref,"2,027 üê≠",12.75 mg/kg														ref
65.,745,"Naja nivea 							
Cape cobra",‚ò†‚ò†‚ò†‚ò†,185.0 cm							ref,,6 														 mm							ref,150 mg								ref,0.371 mg/kg														ref,"20,216 üê≠",0.4 mg/kg														ref
66.,272,"Deinagkistrodon acutus 							
Chinese sharp nosed pit viper",‚ò†‚ò†‚ò†‚ò†,160.0 cm							ref,1155.0 gr							ref,,214 mg								ref,0.38 mg/kg														ref,"28,158 üê≠",9.2 mg/kg														ref
67.,369,"Trimeresurus sumatranus 							
Sumatran pit viper",‚ò†‚ò†‚ò†,160.0 cm							ref,,10 														 mm							ref,,0.38 mg/kg														ref,,
68.,568,"Dendroaspis angusticeps 							
Eastern green mamba",‚ò†‚ò†‚ò†‚ò†,250.0 cm							ref,282.4 gr							ref,7.70 														 mm							ref,60 mg								ref,0.381 mg/kg														ref,"7,874 üê≠",3.32 mg/kg														ref
69.,399,"Bitis arietans 							
Puff adder",‚ò†‚ò†‚ò†‚ò†,190.5 cm							ref,6000.0 gr							ref,30 														 mm							ref,750 mg								ref,0.389 mg/kg														ref,"96,401 üê≠",0.6 mg/kg														ref
70.,223,"Bothrops moojeni 							
Brazilian lancehead",‚ò†‚ò†‚ò†‚ò†,230.0 cm							ref,217.0 gr							ref,,,0.39 mg/kg														ref,,
71.,755,"Naja sumatrana 							
Sumatran spitting cobra",‚ò†‚ò†‚ò†‚ò†,160.0 cm							ref,,,,0.4 mg/kg														ref,,
72.,460,"Vipera berus 							
Common European adder",‚ò†‚ò†‚ò†,90.0 cm							ref,,4 														 mm							ref,18 mg								ref,0.41 mg/kg														ref,"2,195 üê≠",1 mg/kg														ref
73.,403,"Bitis cornuta 							
Western many horned adder",‚ò†‚ò†‚ò†,60.0 cm							ref,32.6 gr							ref,,,0.444 mg/kg														ref,,
74.,423,"Cerastes gasperettii 							
Arabian horned viper",‚ò†‚ò†‚ò†,85.0 cm							ref,,,,0.481 mg/kg														ref,,
75.,474,"Vipera seoanei 							
Baskian viper",‚ò†‚ò†‚ò†,75.0 cm							ref,90.0 gr							ref,,,0.485 mg/kg														ref,,
76.,748,"Naja pallida 							
Red spitting cobra",‚ò†‚ò†‚ò†‚ò†,153.5 cm							ref,,4.90 														 mm							ref,260 mg								ref,0.49 mg/kg														ref,"26,531 üê≠",
77.,424,"Cerastes vipera 							
Sahara sand viper",‚ò†‚ò†‚ò†,50.0 cm							ref,,,43 mg								ref,0.5 mg/kg														ref,"4,300 üê≠",
78.,361,"Trimeresurus purpureomaculatus 							
Mangrove pit viper",‚ò†‚ò†‚ò†,107.0 cm							ref,,,,0.5 mg/kg														ref,,
79.,166,"Azemiops feae 							
Fea's viper",‚ò†‚ò†‚ò†,100.0 cm							ref,,,1.75 mg								ref,0.52 mg/kg														ref,168 üê≠,
80.,746,"Naja nubiae 							
Nubian spitting cobra",‚ò†‚ò†‚ò†‚ò†,148.0 cm							ref,,,,0.53 mg/kg														ref,,
81.,404,"Bitis gabonica 							
Central African gaboon viper",‚ò†‚ò†‚ò†‚ò†,200.0 cm							ref,11300.0 gr							ref,55 														 mm							ref,2400 mg								ref,0.55 mg/kg														ref,"218,182 üê≠",5 mg/kg														ref
82.,441,"Macrovipera lebetina 							
Levantine viper",‚ò†‚ò†‚ò†‚ò†,210.0 cm							ref,,,150 mg								ref,0.568 mg/kg														ref,"13,204 üê≠",2.72 mg/kg														ref
83.,754,"Naja sputatrix 							
Javan spitting cobra",‚ò†‚ò†‚ò†‚ò†,185.0 cm							ref,,,,0.59 mg/kg														ref,,
84.,454,"Pseudocerastes persicus 							
Persian horned viper",‚ò†‚ò†‚ò†,90.0 cm							ref,215.3 gr							ref,,,0.604 mg/kg														ref,,
85.,205,"Bothrops neuwiedi 							
Neuwied's lancehead",‚ò†‚ò†‚ò†‚ò†,120.0 cm							ref,43.0 gr							ref,,,0.605 mg/kg														ref,,8.42 mg/kg														ref
86.,446,"Montivipera bornmuelleri 							
Lebanon viper",‚ò†‚ò†‚ò†,75.0 cm							ref,193.0 gr							ref,,,0.605 mg/kg														ref,,6.25 mg/kg														ref
87.,466,"Vipera lotievi 							
Caucasian meadow viper",‚ò†‚ò†‚ò†,62.0 cm							ref,,,,0.6075 mg/kg														ref,,
88.,396,"Atheris squamigera 							
African Bush Viper",‚ò†‚ò†‚ò†,80.0 cm							ref,44.5 gr							ref,,,0.611 mg/kg														ref,,
89.,382,"Tropidolaemus wagleri 							
Wagler's pit viper",‚ò†‚ò†‚ò†,130.0 cm							ref,,,90 mg								ref,0.625 mg/kg														ref,"7,200 üê≠",4.625 mg/kg														ref
90.,725,"Micrurus tener 							
Texas coral snake",‚ò†‚ò†‚ò†‚ò†,121.0 cm							ref,33.8 gr							ref,,,0.64 mg/kg														ref,,4.4 mg/kg														ref
91.,571,"Dendroaspis viridis 							
Western green mamba",‚ò†‚ò†‚ò†‚ò†,250.0 cm							ref,,6.70 														 mm							ref,100 mg								ref,0.667 mg/kg														ref,"7,496 üê≠",0.79 mg/kg														ref
92.,592,"Elapsoidea sundevallii 							
Sundevall's African garter snake",‚ò†‚ò†,140.0 cm							ref,,,,0.722 mg/kg														ref,,
93.,510,"Aspidelaps scutatus 							
Shield nose snake",‚ò†‚ò†‚ò†,75.0 cm							ref,75.7 gr							ref,,,0.722 mg/kg														ref,,
94.,322,"Bothrops alternatus 							
Urut√∫",‚ò†‚ò†‚ò†‚ò†,200.0 cm							ref,229.6 gr							ref,,100 mg								ref,0.75 mg/kg														ref,"6,667 üê≠",12.85 mg/kg														ref
95.,676,"Micrurus frontalis 							
Southern coral snake",‚ò†‚ò†‚ò†‚ò†,141.0 cm							ref,80.0 gr							ref,,30 mg								ref,0.75 mg/kg														ref,"2,000 üê≠",2.04 mg/kg														ref
96.,465,"Vipera latastei 							
Lataste's viper",‚ò†‚ò†‚ò†,75.0 cm							ref,87.0 gr							ref,,26 mg								ref,0.755 mg/kg														ref,"1,722 üê≠",
97.,458,"Vipera aspis 							
Aspic viper",‚ò†‚ò†‚ò†,90.0 cm							ref,85.2 gr							ref,,10 mg								ref,0.78 mg/kg														ref,641 üê≠,1 mg/kg														ref
98.,167,"Agkistrodon bilineatus 							
Mexican cantil",‚ò†‚ò†‚ò†‚ò†,138.0 cm							ref,51.1 gr							ref,12 														 mm							ref,688 mg								ref,0.8 mg/kg														ref,"43,000 üê≠",19.2 mg/kg														ref
99.,367,"Trimeresurus stejnegeri 							
Chinese green tree viper",‚ò†‚ò†‚ò†,112.0 cm							ref,175.5 gr							ref,,,0.8 mg/kg														ref,,
100.,436,"Echis ocellatus 							
West African carpet viper",‚ò†‚ò†‚ò†‚ò†,65.0 cm							ref,,,24.8 mg								ref,0.804 mg/kg														ref,"1,542 üê≠",
101.,202,"Bothrops jararaca 							
Jararaca",‚ò†‚ò†‚ò†‚ò†,240.0 cm							ref,414.0 gr							ref,,70 mg								ref,0.835 mg/kg														ref,"4,192 üê≠",4.32 mg/kg														ref
102.,438,"Echis pyramidum 							
Egyptian saw scaled viper",‚ò†‚ò†‚ò†,85.0 cm							ref,76.6 gr							ref,,,0.84 mg/kg														ref,,
103.,569,"Dendroaspis jamesoni 							
Jameson's mamba",‚ò†‚ò†‚ò†‚ò†,255.0 cm							ref,,8 														 mm							ref,120 mg								ref,0.84 mg/kg														ref,"7,143 üê≠",1.02 mg/kg														ref
104.,291,"Lachesis muta 							
Atlantic bushmaster",‚ò†‚ò†‚ò†‚ò†,360.0 cm							ref,5000.0 gr							ref,35 														 mm							ref,411 mg								ref,0.9 mg/kg														ref,"22,833 üê≠",6 mg/kg														ref
105.,286,"Hypnale hypnale 							
Hump nosed pit viper",‚ò†‚ò†‚ò†‚ò†,60.0 cm							ref,,,20 mg								ref,0.9 mg/kg														ref,"1,111 üê≠",
106.,219,"Bothrops leucurus 							
Whitetail lancehead",‚ò†‚ò†‚ò†‚ò†,195.0 cm							ref,,,,0.915 mg/kg														ref,,
107.,239,"Crotalus atrox 							
Western diamondback rattlesnake",‚ò†‚ò†‚ò†‚ò†,230.0 cm							ref,1000.0 gr							ref,16 														 mm							ref,1145 mg								ref,0.92 mg/kg														ref,"62,228 üê≠",7.8 mg/kg														ref
108.,256,"Crotalus pricei 							
Western twin spotted rattlesnake",‚ò†‚ò†‚ò†,66.0 cm							ref,62.6 gr							ref,,8 mg								ref,0.95 mg/kg														ref,421 üê≠,11.39 mg/kg														ref
109.,270,"Crotalus viridis 							
Prairie rattlesnake",‚ò†‚ò†‚ò†‚ò†,160.0 cm							ref,415.0 gr							ref,8.40 														 mm							ref,390 mg								ref,1.01 mg/kg														ref,"19,307 üê≠",5.5 mg/kg														ref
110.,407,"Bitis nasicornis 							
Rhinoceros viper",‚ò†‚ò†‚ò†‚ò†,150.0 cm							ref,,15 														 mm							ref,353 mg								ref,1.056 mg/kg														ref,"16,714 üê≠",
111.,672,"Micrurus dumerilii 							
Dumeril's coral snake",‚ò†‚ò†‚ò†‚ò†,94.8 cm							ref,,,,1.075 mg/kg														ref,,
112.,402,"Bitis caudalis 							
Horned puff adder",‚ò†‚ò†‚ò†,51.5 cm							ref,24.1 gr							ref,,85 mg								ref,1.111 mg/kg														ref,"3,825 üê≠",
113.,285,"Gloydius ussuriensis 							
Ussuri mamushi",‚ò†‚ò†‚ò†,70.0 cm							ref,,,,1.139 mg/kg														ref,,
114.,605,"Hemachatus haemachatus 							
Rinkhals",‚ò†‚ò†‚ò†‚ò†,150.0 cm							ref,,,120 mg								ref,1.15 mg/kg														ref,"5,217 üê≠",1 mg/kg														ref
115.,740,"Naja mossambica 							
Mozambique spitting cobra",‚ò†‚ò†‚ò†‚ò†,154.0 cm							ref,171.3 gr							ref,,656 mg								ref,1.16 mg/kg														ref,"28,276 üê≠",
116.,209,"Bothrops asper 							
Terciopelo",‚ò†‚ò†‚ò†‚ò†,305.0 cm							ref,6000.0 gr							ref,25 														 mm							ref,1530 mg								ref,1.175 mg/kg														ref,"65,106 üê≠",
117.,274,"Gloydius blomhoffii 							
Mamushi",‚ò†‚ò†‚ò†,91.0 cm							ref,63.7 gr							ref,,7 mg								ref,1.32 mg/kg														ref,265 üê≠,18.29 mg/kg														ref
118.,199,"Bothrops diporus 							
Chaco lancehead",‚ò†‚ò†‚ò†‚ò†,110.0 cm							ref,,,,1.33 mg/kg														ref,,
119.,237,"Crotalus adamanteus 							
Eastern Diamondback Rattlesnake",‚ò†‚ò†‚ò†‚ò†,251.0 cm							ref,15400.0 gr							ref,25 														 mm							ref,848 mg								ref,1.333 mg/kg														ref,"31,808 üê≠",7.7 mg/kg														ref
120.,210,"Bothrops atrox 							
Common lancehead",‚ò†‚ò†‚ò†‚ò†,162.0 cm							ref,,,200 mg								ref,1.4 mg/kg														ref,"7,143 üê≠",22.14 mg/kg														ref
121.,176,"Atropoides picadoi 							
Picado's jumping pit viper",‚ò†‚ò†‚ò†,120.2 cm							ref,,,70 mg								ref,1.419 mg/kg														ref,"2,467 üê≠",
122.,737,"Naja katiensis 							
Mali cobra",‚ò†‚ò†‚ò†‚ò†,106.8 cm							ref,,,100 mg								ref,1.42 mg/kg														ref,"3,521 üê≠",
123.,359,"Trimeresurus popeiorum 							
Pope's bamboo pit viper",‚ò†‚ò†‚ò†,97.5 cm							ref,,7 														 mm							ref,,1.45 mg/kg														ref,,
124.,350,"Trimeresurus labialis 							
Nicobar bamboo pit viper",‚ò†‚ò†‚ò†,44.0 cm							ref,,,,1.497 mg/kg														ref,,
125.,317,"Protobothrops mucrosquamatus 							
Taiwan habu",‚ò†‚ò†‚ò†‚ò†,150.0 cm							ref,,,,1.5 mg/kg														ref,,8.6 mg/kg														ref
126.,191,"Bothrops taeniatus 							
Speckled forest pit viper",‚ò†‚ò†‚ò†‚ò†,175.0 cm							ref,,,,1.55 mg/kg														ref,,
127.,408,"Bitis parviocula 							
Ethiopian mountain adder",‚ò†‚ò†‚ò†,75.2 cm							ref,,,,1.56 mg/kg														ref,,
128.,183,"Bothriechis schlegelii 							
Eyelash palm pit viper",‚ò†‚ò†‚ò†,90.0 cm							ref,102.0 gr							ref,,20 mg								ref,1.6 mg/kg														ref,625 üê≠,
129.,271,"Crotalus willardi 							
Arizona Ridgenose Rattlesnake",‚ò†‚ò†‚ò†‚ò†,80.0 cm							ref,,,,1.61 mg/kg														ref,,
130.,248,"Crotalus horridus 							
Timber rattlesnake",‚ò†‚ò†‚ò†‚ò†,190.0 cm							ref,4500.0 gr							ref,,229 mg								ref,1.644 mg/kg														ref,"6,965 üê≠",2.25 mg/kg														ref
131.,344,"Trimeresurus gramineus 							
Bamboo pit viper",‚ò†‚ò†‚ò†,120.0 cm							ref,,7 														 mm							ref,,1.645 mg/kg														ref,,4 mg/kg														ref
132.,200,"Bothrops erythromelas 							
Caatinga lancehead",‚ò†‚ò†‚ò†‚ò†,85.0 cm							ref,,,,1.8 mg/kg														ref,,
133.,693,"Micrurus multifasciatus 							
Many banded coral snake",‚ò†‚ò†‚ò†‚ò†,,,,,1.875 mg/kg														ref,,
134.,275,"Gloydius brevicaudus 							
Short tailed mamushi",‚ò†‚ò†‚ò†,75.0 cm							ref,,,,2.044 mg/kg														ref,,
135.,858,"Myrrophis chinensis 							
Chinese Mud Snake",‚ò†‚ò†,72.0 cm							ref,230.3 gr							ref,,,2.05 mg/kg														ref,,
136.,339,"Trimeresurus erythrurus 							
Red tailed bamboo pit viper",‚ò†‚ò†‚ò†,140.0 cm							ref,,,,2.1 mg/kg														ref,,
137.,259,"Crotalus ruber 							
Red diamond rattlesnake",‚ò†‚ò†‚ò†‚ò†,162.0 cm							ref,285.0 gr							ref,,707 mg								ref,2.17 mg/kg														ref,"16,290 üê≠",9.92 mg/kg														ref
138.,169,"Agkistrodon piscivorus 							
Cottonmouth",‚ò†‚ò†‚ò†‚ò†,180.0 cm							ref,861.0 gr							ref,,170 mg								ref,2.25 mg/kg														ref,"3,778 üê≠",2.044 mg/kg														ref
139.,258,"Crotalus ravus 							
Mexican pygmy rattlesnake",‚ò†‚ò†‚ò†‚ò†,70.0 cm							ref,223.0 gr							ref,,,2.4 mg/kg														ref,,11.25 mg/kg														ref
140.,173,"Atropoides nummifer 							
Central American jumping pit viper",‚ò†‚ò†‚ò†,76.2 cm							ref,,,60 mg								ref,2.4 mg/kg														ref,"1,250 üê≠",
141.,204,"Bothrops matogrossensis 							
Mato Grosso Lanzenotter",‚ò†‚ò†‚ò†‚ò†,130.0 cm							ref,,,,2.45 mg/kg														ref,,
142.,214,"Bothrops caribbaeus 							
Saint Lucia lancehead",‚ò†‚ò†‚ò†‚ò†,213.0 cm							ref,,,,2.5 mg/kg														ref,,
143.,312,"Protobothrops flavoviridis 							
Okinawa habu",‚ò†‚ò†‚ò†‚ò†,300.0 cm							ref,,,353.8 mg								ref,2.5 mg/kg														ref,"7,076 üê≠",4.3 mg/kg														ref
144.,242,"Crotalus cerastes 							
Sidewinder rattlesnake",‚ò†‚ò†‚ò†‚ò†,82.0 cm							ref,,,80 mg								ref,2.6 mg/kg														ref,"1,538 üê≠",5.5 mg/kg														ref
145.,253,"Crotalus molossus 							
Northern black tailed rattlesnake",‚ò†‚ò†‚ò†‚ò†,140.0 cm							ref,438.4 gr							ref,,540 mg								ref,2.63 mg/kg														ref,"10,266 üê≠",
146.,168,"Agkistrodon contortrix 							
Copperhead",‚ò†‚ò†‚ò†,134.6 cm							ref,217.2 gr							ref,7.20 														 mm							ref,75 mg								ref,2.711 mg/kg														ref,"1,383 üê≠",0.6 mg/kg														ref
147.,2189,"Spalerosophis diadema 							
Diadem Snake",?‚ò†?,200.0 cm							ref,211.2 gr							ref,,,2.75 mg/kg														ref,,
148.,329,"Sistrurus miliarius 							
Pygmy rattlesnake",‚ò†‚ò†‚ò†,80.0 cm							ref,40.6 gr							ref,,35 mg								ref,2.8 mg/kg														ref,625 üê≠,24.25 mg/kg														ref
149.,231,"Calloselasma rhodostoma 							
Malayan pit viper",‚ò†‚ò†‚ò†‚ò†,120.0 cm							ref,,,60 mg								ref,2.82 mg/kg														ref,"1,064 üê≠",16.1 mg/kg														ref
150.,234,"Cerrophidion sasai 							
Costa Rica montane pit viper",‚ò†‚ò†‚ò†,71.3 cm							ref,,,,3.6666 mg/kg														ref,,
151.,311,"Protobothrops elegans 							
Sakishima habu",‚ò†‚ò†‚ò†,120.0 cm							ref,,,,3.8 mg/kg														ref,,
152.,181,"Bothriechis nigroviridis 							
Black speckled palm pit viper",‚ò†‚ò†‚ò†,93.7 cm							ref,,,,4.438 mg/kg														ref,,
153.,730,"Naja annulifera 							
Banded cobra",‚ò†‚ò†‚ò†‚ò†,244.5 cm							ref,391.2 gr							ref,,,4.5 mg/kg														ref,,1.75 mg/kg														ref
154.,305,"Porthidium nasutum 							
Rainforest hog nosed pit viper",‚ò†‚ò†‚ò†,60.0 cm							ref,,,25 mg								ref,4.6 mg/kg														ref,272 üê≠,
155.,232,"Cerrophidion godmani 							
Godman's montane pit viper",‚ò†‚ò†‚ò†,82.0 cm							ref,,,20 mg								ref,4.75 mg/kg														ref,211 üê≠,
156.,1639,"Boiga dendrophila 							
Mangrove snake",‚ò†‚ò†,250.0 cm							ref,427.6 gr							ref,,12.5 mg								ref,4.85 mg/kg														ref,129 üê≠,
157.,179,"Bothriechis lateralis 							
Side striped palm viper",‚ò†‚ò†‚ò†,100.0 cm							ref,,,20 mg								ref,5.144 mg/kg														ref,194 üê≠,
158.,257,"Crotalus pusillus 							
Tancitaran dusky rattlesnake",‚ò†‚ò†‚ò†,70.0 cm							ref,,,,5.35 mg/kg														ref,,15 mg/kg														ref
159.,172,"Atropoides mexicanus 							
Mexican jumping pit viper",‚ò†‚ò†‚ò†,90.0 cm							ref,,,,5.656 mg/kg														ref,,
160.,1467,"Malpolon monspessulanus 							
Montpellier Snake",‚ò†‚ò†,200.0 cm							ref,1500.0 gr							ref,3.80 														 mm							ref,,6.5 mg/kg														ref,,
161.,306,"Porthidium ophryomegas 							
Slender hognosed pit viper",‚ò†‚ò†‚ò†,80.0 cm							ref,,,20 mg								ref,6.813 mg/kg														ref,147 üê≠,
162.,856,"Subsessor bocourti 							
Bocourt's Water Snake",‚ò†‚ò†,123.0 cm							ref,2800.0 gr							ref,,,7.3 mg/kg														ref,,
163.,319,"Protobothrops tokarensis 							
Tokara Island Pit Viper",‚ò†‚ò†‚ò†,150.0 cm							ref,,,,7.5 mg/kg														ref,,
164.,352,"Trimeresurus macrops 							
Large eyed pit viper",‚ò†‚ò†‚ò†,72.0 cm							ref,,,,8.75 mg/kg														ref,,
165.,218,"Bothrops lanceolatus 							
Martinique lancehead",‚ò†‚ò†‚ò†‚ò†,298.0 cm							ref,,,,10 mg/kg														ref,,
166.,420,"Causus rhombeatus 							
Common Night Adder",‚ò†‚ò†,100.0 cm							ref,,,300 mg								ref,10.278 mg/kg														ref,"1,459 üê≠",
167.,240,"Crotalus basiliscus 							
Mexican west coast rattlesnake",‚ò†‚ò†‚ò†‚ò†,205.0 cm							ref,,,297 mg								ref,11.1 mg/kg														ref,"1,338 üê≠",2.78 mg/kg														ref
168.,880,"Homalopsis buccata 							
Linne's Water Snake",?‚ò†?,137.0 cm							ref,347.2 gr							ref,,,14.3 mg/kg														ref,,
169.,3225,"Natrix tessellata 							
Dice snake",‚ò†,130.0 cm							ref,79.5 gr							ref,,,25 mg/kg														ref,,
170.,1377,"Atractaspis dahomeyensis 							
Dahomey burrowing asp",‚ò†‚ò†‚ò†,55.5 cm							ref,,,1 mg								ref,2240 mg/kg														ref,0 üê≠,
171.,1619,"Ahaetulla nasuta 							
Long nosed whip snake",‚ò†‚ò†,200.0 cm							ref,,,25 mg								ref,,,
172.,2933,"Philodryas olfersii 							
Lichtenstein's Green Racer",‚ò†‚ò†‚ò†,150.0 cm							ref,91.5 gr							ref,,,,,
173.,1637,"Boiga cyanea 							
Green Cat Snake",‚ò†‚ò†,192.0 cm							ref,819.7 gr							ref,,13.16 mg								ref,,,
174.,2817,"Leptodeira annulata 							
Banded Cat eyed Snake",‚ò†‚ò†,65.4 cm							ref,29.9 gr							ref,,,,,50 mg/kg														ref
175.,2794,"Hypsiglena jani 							
San Luis Potosi night snake",?‚ò†?,42.8 cm							ref,37.1 gr							ref,,1.05 mg								ref,,,26 mg/kg														ref
176.,2798,"Hypsiglena torquata 							
Night snake",?‚ò†?,65.0 cm							ref,,,1.05 mg								ref,,,
177.,2244,"Tantilla nigriceps 							
Plains Blackhead Snake",?‚ò†?,42.3 cm							ref,10.0 gr							ref,,0.1 mg								ref,,,
178.,2288,"Thelotornis capensis 							
Southern twig snake",‚ò†‚ò†‚ò†‚ò†,160.0 cm							ref,78.8 gr							ref,,,,,
179.,2785,"Hydrodynastes gigas 							
False Water Cobra",‚ò†‚ò†,214.6 cm							ref,2709.0 gr							ref,,15.2 mg								ref,,,
180.,2296,"Toxicodryas blandingii 							
Blandings Tree Snake",‚ò†‚ò†,274.0 cm							ref,,,,,,
181.,2299,"Trimorphodon lambda 							
Sonoran Lyre Snake",‚ò†‚ò†,92.1 cm							ref,101.4 gr							ref,,7.7 mg								ref,,,
182.,2650,"Diadophis punctatus 							
Ringneck Snake",‚ò†‚ò†,75.0 cm							ref,19.0 gr							ref,,2.88 mg								ref,,,
183.,3322,"Thamnophis sirtalis 							
Common Garter Snake",‚ò†‚ò†,130.0 cm							ref,104.2 gr							ref,,,,,
184.,3300,"Thamnophis elegans 							
Western Terrestrial Garter Snake",‚ò†‚ò†,89.5 cm							ref,167.9 gr							ref,,0.46 mg								ref,,,
185.,3188,"Amphiesma stolatum 							
Buff Striped Keelback",‚ò†‚ò†,90.0 cm							ref,,,0.1 mg								ref,,,
186.,476,"Vipera ursinii 							
Ursini's viper",‚ò†‚ò†‚ò†,80.0 cm							ref,65.0 gr							ref,,4 mg								ref,,,
187.,509,"Aspidelaps lubricus 							
Cape coral snake",‚ò†‚ò†‚ò†,80.0 cm							ref,,,13.75 mg								ref,,,
188.,410,"Bitis rhinoceros 							
West African gaboon viper",‚ò†‚ò†‚ò†‚ò†,180.0 cm							ref,,50 														 mm							ref,848 mg								ref,,,
189.,353,"Trimeresurus malabaricus 							
Malabar pit viper",‚ò†‚ò†‚ò†,105.0 cm							ref,,,,,,18.5 mg/kg														ref
190.,328,"Sistrurus catenatus 							
Massassauga",‚ò†‚ò†‚ò†,100.0 cm							ref,,,45 mg								ref,,,5.25 mg/kg														ref
191.,290,"Lachesis melanocephala 							
Black headed bushmaster",‚ò†‚ò†‚ò†‚ò†,240.0 cm							ref,,,,,,
192.,282,"Gloydius shedaoensis 							
Shedao island pit viper",‚ò†‚ò†‚ò†,80.0 cm							ref,124.0 gr							ref,,,,,
193.,278,"Gloydius intermedius 							
Intermediate mamushi",‚ò†‚ò†‚ò†,80.0 cm							ref,,,,,,
194.,269,"Crotalus tzabcan 							
Yucat√°n neotropical rattlesnake",‚ò†‚ò†‚ò†‚ò†,170.0 cm							ref,,,,,,
195.,266,"Crotalus totonacus 							
Totonacan rattlesnake",‚ò†‚ò†‚ò†‚ò†,167.0 cm							ref,,,,,,
196.,261,"Crotalus simus 							
Central American rattlesnake",‚ò†‚ò†‚ò†‚ò†,180.0 cm							ref,,,,,,
197.,252,"Crotalus mitchellii 							
San Lucan Speckled rattlesnake",‚ò†‚ò†‚ò†‚ò†,136.0 cm							ref,,,308 mg								ref,,,
198.,251,"Crotalus lepidus 							
Mottled Rock rattlesnake",‚ò†‚ò†‚ò†‚ò†,83.0 cm							ref,,,129 mg								ref,,,
199.,246,"Crotalus enyo 							
Baja California rattlesnake",‚ò†‚ò†‚ò†‚ò†,89.0 cm							ref,,,,,,
200.,632,"Laticauda colubrina 							
Common Yellow lipped Sea Krait",‚ò†‚ò†‚ò†‚ò†,170.0 cm							ref,400.0 gr							ref,,,,,0.45 mg/kg														ref
201.,243,"Crotalus cerberus 							
Arizona black rattlesnake",‚ò†‚ò†‚ò†‚ò†,130.0 cm							ref,,,,,,
202.,241,"Crotalus catalinensis 							
Santa Catalina Island Rattlesnake",‚ò†‚ò†‚ò†‚ò†,70.0 cm							ref,,,,,,
203.,699,"Micrurus obscurus 							
Bolivian coral snake",‚ò†‚ò†‚ò†‚ò†,120.0 cm							ref,,,,,,
204.,326,"Bothrops itapetiningae 							
S√£o Paulo lancehead",‚ò†‚ò†‚ò†‚ò†,50.0 cm							ref,38.0 gr							ref,,,,,17.19 mg/kg														ref
205.,325,"Bothrops fonsecai 							
Fonseca's lancehead",‚ò†‚ò†‚ò†‚ò†,150.0 cm							ref,,,,,,
206.,651,"Micrurus altirostris 							
Uruguayan Coral Snake",‚ò†‚ò†‚ò†‚ò†,131.0 cm							ref,,,,,,
207.,666,"Micrurus corallinus 							
Painted coral snake",‚ò†‚ò†‚ò†‚ò†,98.0 cm							ref,,,,,,
208.,671,"Micrurus distans 							
West Mexican coral snake",‚ò†‚ò†‚ò†‚ò†,107.5 cm							ref,,2.40 														 mm							ref,,,,
209.,324,"Bothrops cotiara 							
Cotiara",‚ò†‚ò†‚ò†‚ò†,100.0 cm							ref,,,,,,7.03 mg/kg														ref
210.,211,"Bothrops ayerbei 							
Ayerbe's Lancehead",‚ò†‚ò†‚ò†‚ò†,130.0 cm							ref,,,,,,
211.,678,"Micrurus hemprichii 							
Hemprich's coral snake",‚ò†‚ò†‚ò†‚ò†,91.0 cm							ref,,,,,,
212.,680,"Micrurus ibiboboca 							
Caatinga coral snake",‚ò†‚ò†‚ò†‚ò†,133.0 cm							ref,48.5 gr							ref,,,,,
213.,685,"Micrurus lemniscatus 							
South American coral snake",‚ò†‚ò†‚ò†‚ò†,145.0 cm							ref,38.5 gr							ref,,,,,
214.,691,"Micrurus mipartitus 							
Redtail coral snake",‚ò†‚ò†‚ò†‚ò†,120.0 cm							ref,,,,,,
215.,206,"Bothrops pauloensis 							
Black faced Lancehead",‚ò†‚ò†‚ò†‚ò†,85.0 cm							ref,,,,,,
216.,201,"Bothrops insularis 							
Golden lancehead viper",‚ò†‚ò†‚ò†‚ò†,120.0 cm							ref,,,,,,8.2 mg/kg														ref
217.,170,"Agkistrodon taylori 							
Castellana",‚ò†‚ò†‚ò†‚ò†,96.0 cm							ref,,,,,,
218.,718,"Micrurus spixii 							
Amazon coral snake",‚ò†‚ò†‚ò†‚ò†,160.0 cm							ref,,,,,,
219.,723,"Micrurus surinamensis 							
Aquatic coral snake",‚ò†‚ò†‚ò†‚ò†,135.0 cm							ref,,,,,,
220.,836,"Tropidechis carinatus 							
Clarence river snake",‚ò†‚ò†‚ò†‚ò†,100.0 cm							ref,170.0 gr							ref,5 														 mm							ref,84 mg								ref,,,0.58 mg/kg														ref
221.,789,"Pseudonaja textilis 							
Eastern brown snake",‚ò†‚ò†‚ò†‚ò†,240.0 cm							ref,,4 														 mm							ref,155 mg								ref,,,0.041 mg/kg														ref
222.,788,"Pseudonaja nuchalis 							
Western brown snake",‚ò†‚ò†‚ò†‚ò†,180.0 cm							ref,464.0 gr							ref,,74 mg								ref,,,0.338 mg/kg														ref
223.,784,"Pseudonaja inframacula 							
Peninsula brown snake",‚ò†‚ò†‚ò†‚ò†,170.0 cm							ref,,,76.21 mg								ref,,,0.25 mg/kg														ref
224.,732,"Naja ashei 							
Giant spitting cobra",‚ò†‚ò†‚ò†‚ò†,274.3 cm							ref,,,3000 mg								ref,,,
225.,783,"Pseudonaja guttata 							
Speckled brown snake",‚ò†‚ò†‚ò†,147.0 cm							ref,,,6 mg								ref,,,
226.,734,"Naja christyi 							
Congo water cobra",‚ò†‚ò†‚ò†‚ò†,190.0 cm							ref,,,,,,
227.,780,"Pseudonaja affinis 							
Dugite",‚ò†‚ò†‚ò†‚ò†,213.0 cm							ref,1500.0 gr							ref,,143 mg								ref,,,0.56 mg/kg														ref
228.,773,"Pseudechis papuanus 							
Papuan black snake",‚ò†‚ò†‚ò†‚ò†,245.0 cm							ref,,,,,,1.09 mg/kg														ref
229.,771,"Pseudechis guttatus 							
Blue bellied black snake",‚ò†‚ò†‚ò†‚ò†,200.0 cm							ref,,3.50 														 mm							ref,213 mg								ref,,,1.53 mg/kg														ref
230.,770,"Pseudechis colletti 							
Collett's black snake",‚ò†‚ò†‚ò†,240.0 cm							ref,,,226 mg								ref,,,2.38 mg/kg														ref
231.,769,"Pseudechis butleri 							
Butler's black snake",‚ò†‚ò†‚ò†‚ò†,160.0 cm							ref,,,64 mg								ref,,,
232.,761,"Oxyuranus temporalis 							
Central Ranges taipan",‚ò†‚ò†‚ò†‚ò†,166.3 cm							ref,482.0 gr							ref,3 														 mm							ref,,,,
233.,759,"Oxyuranus microlepidotus 							
Inland taipan",‚ò†‚ò†‚ò†‚ò†,250.0 cm							ref,838.0 gr							ref,6.20 														 mm							ref,217 mg								ref,,,0.01 mg/kg														ref
234.,597,"Hydrophis schistosus 							
Beaked sea snake",‚ò†‚ò†‚ò†‚ò†,158.0 cm							ref,2000.0 gr							ref,4 														 mm							ref,80 mg								ref,,,0.164 mg/kg														ref
235.,3363,"Hydrophis ornatus 							
Ornate reef sea snake",‚ò†‚ò†‚ò†‚ò†,170.0 cm							ref,,,,,,
236.,645,"Hydrophis spiralis 							
Narrow banded Sea Snake",‚ò†‚ò†‚ò†‚ò†,275.0 cm							ref,,,,,,
237.,622,"Hydrophis melanosoma 							
Black banded Robust Sea Snake",‚ò†‚ò†‚ò†‚ò†,155.0 cm							ref,,,,,,
238.,749,"Naja philippinensis 							
Northern Philippine cobra",‚ò†‚ò†‚ò†‚ò†,200.0 cm							ref,,,250 mg								ref,,,0.2 mg/kg														ref
239.,543,"Hydrophis belcheri 							
Belcher's sea snake",‚ò†‚ò†‚ò†‚ò†,122.0 cm							ref,260.0 gr							ref,,,,,
240.,494,"Hydrophis peronii 							
Horned Sea Snake",‚ò†‚ò†‚ò†‚ò†,140.0 cm							ref,,,1 mg								ref,,,0.062 mg/kg														ref
241.,620,"Hydrophis klossi 							
Selangor Sea Snake",‚ò†‚ò†‚ò†‚ò†,142.0 cm							ref,,,,,,
242.,843,"Walterinnesia aegyptia 							
Western black desert cobra",‚ò†‚ò†‚ò†‚ò†,130.0 cm							ref,321.0 gr							ref,,,,,0.4 mg/kg														ref
243.,495,"Acanthophis antarcticus 							
Common Death Adder",‚ò†‚ò†‚ò†‚ò†,100.0 cm							ref,252.0 gr							ref,8.30 														 mm							ref,236 mg								ref,,,0.338 mg/kg														ref
244.,628,"Hydrophis jerdonii 							
Cone nosed Sea Snake",‚ò†‚ò†‚ò†‚ò†,117.0 cm							ref,,,,,,
245.,503,"Aipysurus duboisii 							
Dubois' sea snake",‚ò†‚ò†‚ò†‚ò†,148.0 cm							ref,,1.80 														 mm							ref,1.7 mg								ref,,,0.032 mg/kg														ref
246.,516,"Austrelaps superbus 							
Lowland copperhead",‚ò†‚ò†‚ò†‚ò†,175.0 cm							ref,339.0 gr							ref,4.50 														 mm							ref,155 mg								ref,,,0.5 mg/kg														ref
247.,554,"Cryptophis nigrescens 							
Small eyed snake",‚ò†‚ò†‚ò†‚ò†,120.0 cm							ref,35.0 gr							ref,,,,,2.67 mg/kg														ref
248.,558,"Demansia olivacea 							
Olive whip snake",‚ò†‚ò†‚ò†,110.0 cm							ref,,,,,,14.2 mg/kg														ref
249.,594,"Emydocephalus annulatus 							
Annulated Turtle headed Sea Snake",‚ò†‚ò†,105.0 cm							ref,,0.15 														 mm							ref,1.2 mg								ref,,,25 mg/kg														ref
250.,611,"Hoplocephalus stephensii 							
Stephen's Banded Snake",‚ò†‚ò†‚ò†,100.0 cm							ref,104.0 gr							ref,,154 mg								ref,,,1.36 mg/kg														ref
251.,642,"Hydrophis melanocephalus 							
Black headed Slender necked Sea Snake",‚ò†‚ò†‚ò†‚ò†,161.0 cm							ref,,,,,,0.111 mg/kg														ref
252.,630,"Hydrophis curtus 							
Short Sea Snake",‚ò†‚ò†‚ò†‚ò†,150.0 cm							ref,147.1 gr							ref,3.30 														 mm							ref,15 mg								ref,,,